county,year,Single Family,Multi Family,Residential ,Commercial,Institutional ,Industrial,Municipal,Irrigation,Agricultural,Other ,Self Supplied,New Commercial,NRW,Anheuser-Busch,PERCENT SF SEPTIC,VOL. SEPTIC GENERATED (MG),WASTEWATER INTO COLLECTION SYSTEM (MG),I/I FACTOR,AAD (MGD),PEAKING FACTOR,MMF (MGD),VOL. SEPTIC GENERATED (MGD)
Bartow,2020,1609.863786,171.9389839,,279.2039908,,1524.371962,,0,0,,104.6849372,717.9099003,,0,0.771000258,1321.917509,3086.056052,0.2,10.1459377,0.25,12.68242213,3.621691805
Bartow,2021,1626.529202,173.724497,,282.242204,,1541.437111,,0,0,,105.8606718,725.9728704,,0,0.769697783,1333.416646,3122.349911,0.2,10.26525998,0.25,12.83157498,3.653196289
Bartow,2022,1646.229791,175.8346624,,285.8292864,,1561.49086,,0,0,,107.2415683,735.4428024,,0,0.76819621,1347.010052,3165.058918,0.2,10.40567316,0.25,13.00709145,3.690438499
Bartow,2023,1667.621661,178.1259127,,289.726726,,1583.257878,,0,0,,108.7402577,745.7205366,,0,0.766606415,1361.770442,3211.422529,0.2,10.55810147,0.25,13.19762683,3.730877924
Bartow,2024,1690.340934,180.5591173,,293.8741694,,1606.373727,,0,0,,110.3314372,756.6325508,,0,0.764962446,1377.446741,3260.665195,0.2,10.71999516,0.25,13.39999395,3.773826687
Bartow,2025,1711.628764,182.8398017,,297.7921248,,1628.237098,,0,0,,111.8365957,766.9546489,,0,0.763455876,1392.135344,3307.15369,0.2,10.87283405,0.25,13.59104256,3.814069435
Bartow,2026,1733.19187,185.150084,,301.7752954,,1650.451801,,0,0,,113.3658335,777.4418783,,0,0.761965837,1407.013887,3354.362875,0.2,11.02804233,0.25,13.78505291,3.854832566
Bartow,2027,1754.929999,187.4793897,,305.8054725,,1672.935141,,0,0,,114.9136028,788.0561936,,0,0.760498469,1422.013196,3402.106603,0.2,11.18500801,0.25,13.98126001,3.895926563
Bartow,2028,1776.992998,189.8437005,,309.9098001,,1695.829621,,0,0,,116.4896453,798.8644009,,0,0.759044013,1437.236665,3450.693501,0.2,11.34474576,0.25,14.1809322,3.937634699
Bartow,2029,1797.990783,192.0944799,,313.8476538,,1717.807946,,0,0,,118.0027049,809.2406831,,0,0.757687928,1451.725137,3497.259114,0.2,11.49783818,0.25,14.37229773,3.977329142
Bartow,2030,1820.302871,194.4859249,,318.0331335,,1741.140966,,0,0,,119.6088089,820.2550469,,0,0.756282099,1467.120477,3546.706274,0.2,11.66040419,0.25,14.57550523,4.019508156
Bartow,2031,1840.842825,196.6878913,,321.912297,,1762.831971,,0,0,,121.102373,830.4976323,,0,0.755012447,1481.293046,3592.581944,0.2,11.81122831,0.25,14.76403538,4.058337112
Bartow,2032,1862.94117,199.055447,,326.0453967,,1785.923616,,0,0,,122.6922243,841.4005386,,0,0.753684395,1496.540904,3641.517489,0.2,11.97211229,0.25,14.96514036,4.100112065
Bartow,2033,1886.881817,201.6190441,,330.4864457,,1810.703129,,0,0,,124.3980295,853.0986343,,0,0.752287133,1513.05995,3694.127149,0.2,12.14507556,0.25,15.18134445,4.145369726
Bartow,2034,1909.215189,204.0101795,,334.6326739,,1833.870257,,0,0,,125.9930738,864.0371521,,0,0.751014039,1528.469977,3743.288549,0.2,12.30670208,0.25,15.3833776,4.187588978
Bartow,2035,1931.438158,206.3888732,,338.74722,,1856.867422,,0,0,,127.5764591,874.8957156,,0,0.749777982,1543.803825,3792.110022,0.2,12.46721103,0.25,15.58401379,4.229599522
Bartow,2036,1956.930674,209.1161429,,343.4197859,,1882.922497,,0,0,,129.3699227,887.1949561,,0,0.748403017,1561.393661,3847.560317,0.2,12.64951337,0.25,15.81189171,4.277790852
Bartow,2037,1983.032052,211.908008,,348.1909439,,1909.520898,,0,0,,131.2007285,899.7502836,,0,0.747033925,1579.403612,3904.199302,0.2,12.83572373,0.25,16.04465467,4.327133184
Bartow,2038,2009.546972,214.7436491,,353.0260445,,1936.480759,,0,0,,133.0564424,912.4764253,,0,0.745681117,1597.698907,3961.631386,0.2,13.02454154,0.25,16.28067693,4.377257279
Bartow,2039,2037.596414,217.7429027,,358.1254122,,1964.890554,,0,0,,135.0117757,925.8857388,,0,0.744291138,1617.053022,4022.199775,0.2,13.22367049,0.25,16.52958812,4.430282253
Bartow,2040,2066.904681,220.8763494,,363.4365876,,1994.489442,,0,0,,137.0490077,939.8566982,,0,0.742881184,1637.275727,4085.33704,0.2,13.43124506,0.25,16.78905633,4.485686922
Bartow,2041,2095.723036,223.9569977,,368.6553433,,2023.574766,,0,0,,139.0508944,953.5852664,,0,0.741533794,1657.160391,4147.385912,0.2,13.63524136,0.25,17.04405169,4.540165455
Bartow,2042,2122.384697,226.8070321,,373.494854,,2050.58415,,0,0,,140.9101666,966.3358109,,0,0.740317563,1675.556938,4204.959774,0.2,13.82452528,0.25,17.2806566,4.590566953
Bartow,2043,2149.590785,229.7151244,,378.4295141,,2078.128458,,0,0,,142.8062821,979.3390195,,0,0.739108055,1694.329138,4263.680045,0.2,14.01757823,0.25,17.52197279,4.641997639
Bartow,2044,2176.697245,232.6124656,,383.3472326,,2105.589759,,0,0,,144.6967596,992.3035634,,0,0.737932721,1713.032595,4322.21443,0.2,14.21002004,0.25,17.76252505,4.693239987
Bartow,2045,2203.021587,235.4261359,,388.1293043,,2132.311341,,0,0,,146.5364346,1004.919714,,0,0.736817893,1731.196391,4379.148125,0.2,14.39719932,0.25,17.99649914,4.743003811
Bartow,2046,2228.187484,238.1158588,,392.7096106,,2157.919096,,0,0,,148.2995179,1017.010612,,0,0.735775478,1748.56086,4433.681319,0.2,14.57648653,0.25,18.22060816,4.7905777
Bartow,2047,2252.561249,240.7208674,,397.1525703,,2182.780449,,0,0,,150.0113595,1028.750105,,0,0.73478685,1765.378759,4486.597842,0.2,14.75045866,0.25,18.43807332,4.836654133
Bartow,2048,2277.573182,243.394019,,401.7136709,,2208.285186,,0,0,,151.7673667,1040.792477,,0,0.733794606,1782.636992,4540.88891,0.2,14.92894984,0.25,18.6611873,4.883936964
Bartow,2049,2304.397808,246.2608364,,406.5975127,,2235.574695,,0,0,,153.6461054,1053.676518,,0,0.73275582,1801.145984,4599.007492,0.2,15.12002463,0.25,18.90003079,4.934646532
Bartow,2050,2333.033317,249.3211312,,411.8052495,,2264.652991,,0,0,,155.647834,1067.404003,,0,0.731674479,1820.904485,4660.96004,0.2,15.32370424,0.25,19.1546303,4.988779411
Bartow,2051,2354.875774,251.6553397,,415.660676,,2285.855253,,0,0,,157.105049,1077.397313,,0,0.730887658,1835.97578,4706.573625,0.2,15.47366671,0.25,19.34208339,5.030070631
Bartow,2052,2378.746249,254.2062737,,419.8740694,,2309.026095,,0,0,,158.6975629,1088.318478,,0,0.730044307,1852.446409,4756.422319,0.2,15.63755283,0.25,19.54694104,5.07519564
Bartow,2053,2400.64627,256.5466337,,423.7396564,,2330.284234,,0,0,,160.1586182,1098.338124,,0,0.729285324,1867.557422,4802.156113,0.2,15.78791051,0.25,19.73488814,5.116595678
Bartow,2054,2422.68021,258.9013051,,427.6288818,,2351.672368,,0,0,,161.6286079,1108.419042,,0,0.728535548,1882.760842,4848.169574,0.2,15.93918764,0.25,19.92398455,5.158248881
Bartow,2055,2444.370526,261.2192549,,431.4574537,,2372.726948,,0,0,,163.0756729,1118.342745,,0,0.727810668,1897.727159,4893.465441,0.2,16.08810556,0.25,20.11013195,5.199252491
Bartow,2056,2467.18189,263.6570062,,435.4839026,,2394.86972,,0,0,,164.5975283,1128.779347,,0,0.727062073,1913.467,4941.102394,0.2,16.2447202,0.25,20.30590025,5.242375343
Bartow,2057,2488.899317,265.9778533,,439.31726,,2415.950617,,0,0,,166.0464019,1138.715454,,0,0.726362129,1928.452025,4986.454879,0.2,16.39382426,0.25,20.49228032,5.283430206
Bartow,2058,2511.916014,268.4375477,,443.3799524,,2438.292704,,0,0,,167.5819561,1149.246,,0,0.725633521,1944.333546,5034.520628,0.2,16.55184864,0.25,20.6898108,5.326941222
Bartow,2059,2536.189168,271.0315141,,447.6644228,,2461.854421,,0,0,,169.2013345,1160.351398,,0,0.724879466,1961.082022,5085.210235,0.2,16.7184994,0.25,20.89812426,5.372827459
Bartow,2060,2558.997175,273.4689067,,451.6902791,,2483.993933,,0,0,,170.722966,1170.786464,,0,0.724183962,1976.819547,5132.840177,0.2,16.87509099,0.25,21.09386374,5.415943965
Bartow,2061,2581.971305,275.9240521,,455.745458,,2506.2947,,0,0,,172.2556803,1181.297535,,0,0.723495815,1992.671697,5180.817033,0.2,17.03282312,0.25,21.2910289,5.459374511
Bartow,2062,2606.189437,278.5121386,,460.0202164,,2529.803008,,0,0,,173.8713879,1192.377758,,0,0.722783541,2009.382208,5231.391738,0.2,17.19909613,0.25,21.49887016,5.505156734
Bartow,2063,2628.708487,280.9186517,,463.9950688,,2551.662033,,0,0,,175.3737417,1202.680622,,0,0.722133014,2024.920352,5278.418252,0.2,17.35370384,0.25,21.6921298,5.547726993
Bartow,2064,2651.90804,283.3978871,,468.0900372,,2574.181616,,0,0,,176.9214951,1213.294828,,0,0.721474383,2040.928044,5326.86586,0.2,17.51298365,0.25,21.89122956,5.591583682
Bartow,2065,2675.677372,285.9380123,,472.2855778,,2597.254278,,0,0,,178.5072612,1224.169718,,0,0.720811422,2057.328883,5376.503337,0.2,17.67617535,0.25,22.09521919,5.636517489
Cherokee,2020,3744.540244,568.7841144,,198.8303796,42.84473124,212.3330812,,0,0,147.8662468,208.2837786,0.471085751,,,0.511263124,2020.933157,3103.020505,0.35,11.47692515,0.25,14.34615644,5.536803169
Cherokee,2021,3806.235211,578.1553897,,202.1063048,43.55064014,215.8314767,,0,0,150.302488,211.7154578,0.47884735,,,0.506217884,2033.958486,3174.417329,0.35,11.7409956,0.25,14.6762445,5.572489002
Cherokee,2022,3862.611416,586.7187614,,205.0998104,44.19569219,219.0282732,,0,0,152.5286993,214.8512898,0.485939817,,,0.529657445,2045.860893,3239.658989,0.35,11.98230037,0.25,14.97787546,5.605098338
Cherokee,2023,3914.611897,594.617474,,207.8609706,44.79067755,221.9769456,,0,0,154.5821199,217.7437294,0.492481791,,,0.525426155,2056.839477,3299.836818,0.35,12.2048759,0.25,15.25609488,5.635176651
Cherokee,2024,3964.386724,602.1781168,,210.5039513,45.36019716,224.7994129,,0,0,156.5476528,220.5123708,0.498743764,,,0.521479945,2067.348171,3357.438999,0.35,12.41792506,0.25,15.52240633,5.663967592
Cherokee,2025,4014.391557,609.7736967,,213.1591451,45.93234848,227.6349226,,0,0,158.5222682,223.2938059,0.505034674,,,0.517614038,2077.905425,3415.307354,0.35,12.63195871,0.25,15.78994838,5.692891575
Cherokee,2026,4060.627466,616.7967887,,215.6142137,46.46137607,230.2567166,,0,0,160.3480545,225.8656009,0.51085143,,,0.514124229,2087.666966,3468.814102,0.35,12.82986038,0.25,16.03732547,5.719635522
Cherokee,2027,4109.831255,624.2706924,,218.226873,47.02436189,233.0468033,,0,0,162.2910379,228.6024792,0.517041564,,,0.510496653,2098.055099,3525.755445,0.35,13.04046534,0.25,16.30058168,5.748096162
Cherokee,2028,4153.967802,630.9748978,,220.5704682,47.52936876,235.5495536,,0,0,164.0339236,231.0575007,0.522594208,,,0.507315779,2107.373413,3576.832696,0.35,13.2293812,0.25,16.53672651,5.773625788
Cherokee,2029,4198.947466,637.8071701,,222.9588319,48.04402249,238.1001126,,0,0,165.8101027,233.5594192,0.528252921,,,0.504142942,2116.869729,3628.885649,0.35,13.42190582,0.25,16.77738228,5.799643094
Cherokee,2030,4245.702384,644.909098,,225.4414592,48.57898854,240.7513368,,0,0,167.6563839,236.1600832,0.534134971,,,0.500916139,2126.740846,3682.993023,0.35,13.62202899,0.25,17.02753624,5.826687249
Cherokee,2031,4288.912183,651.4725332,,227.7358452,49.07339162,243.2015361,,0,0,169.3626737,238.5635559,0.539571025,,,0.497996557,2135.8635,3732.99779,0.35,13.80697813,0.25,17.25872266,5.851680822
Cherokee,2032,4335.47751,658.5456626,,230.2084055,49.60618837,245.8420095,,0,0,171.2014682,241.1536741,0.545429224,,,0.494915401,2145.694589,3786.885758,0.35,14.00628979,0.25,17.50786224,5.878615312
Cherokee,2033,4383.992268,665.9149048,,232.7844782,50.16129038,248.593025,,0,0,173.1172428,243.8522263,0.551532673,,,0.491774875,2155.937251,3843.029717,0.35,14.21394553,0.25,17.76743191,5.9066774
Cherokee,2034,4431.201714,673.085874,,235.2912404,50.70145709,251.2700231,,0,0,174.9814727,246.4781726,0.557471906,,,0.488784865,2165.904329,3897.663096,0.35,14.41601419,0.25,18.02001774,5.933984464
Cherokee,2035,4477.560486,680.1276285,,237.7528329,51.23189047,253.898784,,0,0,176.8121107,249.0568017,0.563304119,,,0.485910088,2175.69181,3951.312029,0.35,14.61444175,0.25,18.26805219,5.960799479
Cherokee,2036,4530.079442,688.105096,,240.5415235,51.83280819,256.8768564,,0,0,178.886005,251.9780807,0.569911321,,,0.482724395,2186.779857,4012.089867,0.35,14.83923649,0.25,18.54904562,5.99117769
Cherokee,2037,4580.522212,695.7671972,,243.2199712,52.40997035,259.7371992,,0,0,180.8779139,254.7838753,0.576257326,,,0.479733416,2197.42957,4070.465027,0.35,15.05514462,0.25,18.81893078,6.020354986
Cherokee,2038,4633.676936,703.8412358,,246.0424202,53.01816246,262.7513225,,0,0,182.9769138,257.7405177,0.58294451,,,0.4766521,2208.651843,4131.97861,0.35,15.28266061,0.25,19.10332577,6.05110094
Cherokee,2039,4692.076101,712.7118889,,249.1433424,53.68636106,266.0628305,,0,0,185.2830088,260.9888735,0.590291478,,,0.473347256,2220.981347,4199.561351,0.35,15.53262417,0.25,19.41578022,6.084880403
Cherokee,2040,4754.10064,722.133225,,252.4367675,54.39604089,269.5799141,,0,0,187.7322643,264.4388845,0.598094539,,,0.46992616,2234.076257,4271.339573,0.35,15.79810527,0.25,19.74763159,6.120756869
Cherokee,2041,4810.919506,730.7638356,,255.4537778,55.04615783,272.8018117,,0,0,189.9759556,267.5993388,0.605242695,,,0.466869612,2246.072121,4337.093505,0.35,16.04130474,0.25,20.05163093,6.15362225
Cherokee,2042,4866.333645,739.1810723,,258.3961989,55.68020199,275.9440545,,0,0,192.1641764,270.6816574,0.612214128,,,0.463957381,2257.771413,4401.221808,0.35,16.27849162,0.25,20.34811452,6.185675103
Cherokee,2043,4925.992119,748.2430105,,261.5639889,56.3628095,279.3269712,,0,0,194.5199995,274.0000601,0.619719524,,,0.460895335,2270.366788,4470.26189,0.35,16.53384535,0.25,20.66730668,6.220182981
Cherokee,2044,4988.241615,757.6985171,,264.8693589,57.07506328,282.856811,,0,0,196.9781382,277.4625841,0.627550886,,,0.457778385,2283.509192,4542.300447,0.35,16.80028932,0.25,21.00036165,6.256189567
Cherokee,2045,5050.491031,767.1540113,,268.1747246,57.78731614,286.3866463,,0,0,199.4362738,280.9251035,0.635382238,,,0.454738275,2296.651579,4614.33891,0.35,17.06673295,0.25,21.33341619,6.292196107
Cherokee,2046,5110.691597,776.2982916,,271.371299,58.47612622,289.8003022,,0,0,201.8135033,284.2736592,0.642955832,,,0.451868668,2309.361403,4684.006331,0.35,17.32440698,0.25,21.65550872,6.327017543
Cherokee,2047,5172.949071,785.75501,,274.6770926,59.18847128,293.3305944,,0,0,204.2719571,287.7366269,0.650788198,,,0.448971266,2322.505492,4756.05412,0.35,17.5908851,0.25,21.98860638,6.363028745
Cherokee,2048,5235.257605,795.2194841,,277.9855974,59.90140056,296.863782,,0,0,206.7324271,291.2024347,0.658626988,,,0.446140484,2335.66036,4828.160998,0.35,17.85758177,0.25,22.32197722,6.39906948
Cherokee,2049,5299.417445,804.965166,,281.3924043,60.63551235,300.5019473,,0,0,209.2660025,294.7712184,0.666698682,,,0.443295156,2349.206085,4902.41031,0.35,18.13220252,0.25,22.66525315,6.436181055
Cherokee,2050,5364.718948,814.8842629,,284.859832,61.38268694,304.2048503,,0,0,211.8446603,298.4035051,0.674914005,,,0.440469084,2362.992843,4977.980817,0.35,18.41170987,0.25,23.01463734,6.473952994
Cherokee,2051,5433.147167,825.2782982,,288.4932844,62.16563717,308.0850528,,0,0,214.5467875,302.2097101,0.683522688,,,0.437580587,2377.439728,5057.169732,0.35,18.70460038,0.25,23.38075047,6.5135335
Cherokee,2052,5512.362661,837.3108875,,292.6995276,63.07201454,312.5769447,,0,0,217.6748879,306.6159393,0.693488475,,,0.434326299,2394.164072,5148.842278,0.35,19.04366322,0.25,23.80457903,6.559353623
Cherokee,2053,5595.173278,849.8895648,,297.0966672,64.01952703,317.272697,,0,0,220.9449543,311.2221412,0.70390655,,,0.431022833,2411.647436,5244.6753,0.35,19.39811412,0.25,24.24764266,6.60725325
Cherokee,2054,5679.703802,862.7294908,,301.5851318,64.98671856,322.0659762,,0,0,224.2829372,315.92401,0.714541,,,0.427750108,2429.493915,5342.498693,0.35,19.75992667,0.25,24.69990834,6.656147712
Cherokee,2055,5765.200564,875.7161852,,306.1249024,65.9649657,326.9140456,,0,0,227.6590754,320.6796241,0.725297009,,,0.424537596,2447.54439,5441.44027,0.35,20.12587497,0.25,25.15734371,6.705601068
Cherokee,2056,5853.646582,889.1508626,,310.8212748,66.97695799,331.9293517,,0,0,231.1516752,325.5992857,0.736424051,,,0.421313021,2466.217526,5543.794889,0.35,20.50444685,0.25,25.63055856,6.756760345
Cherokee,2057,5943.102301,902.7389104,,315.571261,68.00050321,337.0019126,,0,0,234.6841467,330.5751103,0.74767812,,,0.418149261,2485.103835,5647.317989,0.35,20.88734051,0.25,26.10917563,6.808503656
Cherokee,2058,6036.559787,916.9348143,,320.533736,69.06983632,342.3013925,,0,0,238.3746418,335.7735264,0.759435636,,,0.414944124,2504.835015,5755.472155,0.35,21.28736277,0.25,26.60920346,6.862561685
Cherokee,2059,6131.393476,931.3397591,,325.5692856,70.15491583,347.6789096,,0,0,242.1194812,341.0484914,0.771366286,,,0.411791668,2524.856746,5865.218939,0.35,21.69327553,0.25,27.11659441,6.917415741
Cherokee,2060,6227.511492,945.9397893,,330.6730314,71.25469051,353.1292542,,0,0,245.9150366,346.3948951,0.783458512,,,0.408694489,2545.14963,5976.452018,0.35,22.10468554,0.25,27.63085693,6.973012684
Cherokee,2061,6327.674763,961.1542812,,335.9915752,72.40075068,358.8089838,,0,0,249.8703332,351.9663092,0.796059656,,,0.405567078,2566.296567,6092.366489,0.35,22.5334103,0.25,28.16676288,7.030949498
Cherokee,2062,6430.242611,976.734021,,341.437799,73.57432383,364.6250642,,0,0,253.9205828,357.671474,0.80896331,,,0.402465556,2587.951169,6211.06367,0.35,22.97242727,0.25,28.71553409,7.090277176
Cherokee,2063,6539.170812,993.2798789,,347.2217496,74.82067164,370.8018067,,0,0,258.2219932,363.7304227,0.822667135,,,0.399278238,2610.948599,6337.121403,0.35,23.4386682,0.25,29.29833525,7.153283834
Cherokee,2064,6647.61525,1009.752254,,352.9800129,76.06148425,376.9511174,,0,0,262.5043005,369.7624629,0.836310099,,,0.396208835,2633.843895,6462.619297,0.35,23.9028385,0.25,29.87854812,7.216010671
Cherokee,2065,6763.13465,1027.299295,,359.1139478,77.38324803,383.5016119,,0,0,267.0659874,376.188036,0.850843137,,,0.393047459,2658.23289,6596.30473,0.35,24.39729147,0.25,30.49661434,7.282829834
Clayton,2020,"3,918","1,824",,831,,409,619,,0,4,,0,0,,0.2,773,"6,832",0.2,22.5,0.25,28.1,2.1
Clayton,2021,"3,978","1,852",,844,,416,629,,0,4,,0,0,,0.2,776,"6,945",0.2,22.8,0.25,28.5,2.1
Clayton,2022,"4,036","1,879",,856,,422,638,,0,4,,0,0,,0.19,779,"7,056",0.2,23.2,0.25,29,2.1
Clayton,2023,"4,094","1,906",,868,,428,648,,0,4,,0,0,,0.19,782,"7,166",0.2,23.6,0.25,29.4,2.1
Clayton,2024,"4,152","1,933",,880,,434,657,,0,5,,0,0,,0.19,785,"7,275",0.2,23.9,0.25,29.9,2.2
Clayton,2025,"4,209","1,960",,892,,440,666,,0,5,,0,0,,0.19,788,"7,384",0.2,24.3,0.25,30.3,2.2
Clayton,2026,"4,243","1,975",,900,,444,672,,0,5,,0,0,,0.19,790,"7,448",0.2,24.5,0.25,30.6,2.2
Clayton,2027,"4,277","1,991",,907,,448,678,,0,5,,0,0,,0.19,791,"7,514",0.2,24.7,0.25,30.9,2.2
Clayton,2028,"4,310","2,007",,914,,452,683,,0,5,,0,0,,0.18,793,"7,578",0.2,24.9,0.25,31.1,2.2
Clayton,2029,"4,343","2,023",,921,,455,689,,0,5,,0,0,,0.18,795,"7,641",0.2,25.1,0.25,31.4,2.2
Clayton,2030,"4,378","2,039",,929,,459,695,,0,5,,0,0,,0.18,796,"7,708",0.2,25.3,0.25,31.7,2.2
Clayton,2031,"4,406","2,052",,934,,462,700,,0,5,,0,0,,0.18,798,"7,761",0.2,25.5,0.25,31.9,2.2
Clayton,2032,"4,437","2,066",,941,,466,705,,0,5,,0,0,,0.18,799,"7,820",0.2,25.7,0.25,32.1,2.2
Clayton,2033,"4,470","2,082",,948,,469,710,,0,5,,0,0,,0.18,801,"7,884",0.2,25.9,0.25,32.4,2.2
Clayton,2034,"4,502","2,097",,955,,473,716,,0,5,,0,0,,0.18,803,"7,945",0.2,26.1,0.25,32.6,2.2
Clayton,2035,"4,531","2,111",,961,,476,721,,0,5,,0,0,,0.18,804,"8,001",0.2,26.3,0.25,32.9,2.2
Clayton,2036,"4,568","2,128",,969,,480,727,,0,5,,0,0,,0.18,806,"8,071",0.2,26.5,0.25,33.2,2.2
Clayton,2037,"4,603","2,144",,976,,484,733,,0,5,,0,0,,0.18,808,"8,138",0.2,26.8,0.25,33.4,2.2
Clayton,2038,"4,638","2,161",,984,,488,738,,0,5,,0,0,,0.17,809,"8,205",0.2,27,0.25,33.7,2.2
Clayton,2039,"4,675","2,178",,991,,492,745,,0,5,,0,0,,0.17,811,"8,275",0.2,27.2,0.25,34,2.2
Clayton,2040,"4,714","2,197",,"1,000",,496,751,,0,5,,0,0,,0.17,813,"8,350",0.2,27.5,0.25,34.3,2.2
Clayton,2041,"4,760","2,218",,"1,009",,501,758,,0,5,,0,0,,0.17,816,"8,436",0.2,27.7,0.25,34.7,2.2
Clayton,2042,"4,804","2,238",,"1,018",,506,766,,0,5,,0,0,,0.17,818,"8,520",0.2,28,0.25,35,2.2
Clayton,2043,"4,848","2,259",,"1,028",,511,773,,0,5,,0,0,,0.17,820,"8,603",0.2,28.3,0.25,35.4,2.2
Clayton,2044,"4,891","2,279",,"1,037",,515,780,,0,5,,0,0,,0.17,822,"8,686",0.2,28.6,0.25,35.7,2.3
Clayton,2045,"4,935","2,299",,"1,046",,520,787,,0,5,,0,0,,0.17,824,"8,768",0.2,28.8,0.25,36,2.3
Clayton,2046,"4,974","2,318",,"1,054",,524,794,,0,5,,0,0,,0.17,826,"8,843",0.2,29.1,0.25,36.3,2.3
Clayton,2047,"5,014","2,337",,"1,062",,529,800,,0,6,,0,0,,0.17,828,"8,919",0.2,29.3,0.25,36.7,2.3
Clayton,2048,"5,055","2,356",,"1,071",,533,807,,0,6,,0,0,,0.16,830,"8,997",0.2,29.6,0.25,37,2.3
Clayton,2049,"5,096","2,375",,"1,079",,538,814,,0,6,,0,0,,0.16,832,"9,074",0.2,29.8,0.25,37.3,2.3
Clayton,2050,"5,136","2,393",,"1,088",,542,820,,0,6,,0,0,,0.16,834,"9,150",0.2,30.1,0.25,37.6,2.3
Clayton,2051,"5,146","2,399",,"1,090",,544,823,,0,6,,0,0,,0.16,835,"9,172",0.2,30.2,0.25,37.7,2.3
Clayton,2052,"5,164","2,407",,"1,094",,546,826,,0,6,,0,0,,0.16,836,"9,206",0.2,30.3,0.25,37.8,2.3
Clayton,2053,"5,182","2,415",,"1,098",,548,829,,0,6,,0,0,,0.16,837,"9,241",0.2,30.4,0.25,38,2.3
Clayton,2054,"5,199","2,424",,"1,102",,550,832,,0,6,,0,0,,0.16,838,"9,275",0.2,30.5,0.25,38.1,2.3
Clayton,2055,"5,217","2,432",,"1,105",,552,835,,0,6,,0,0,,0.16,838,"9,309",0.2,30.6,0.25,38.3,2.3
Clayton,2056,"5,214","2,431",,"1,105",,552,835,,0,6,,0,0,,0.16,838,"9,305",0.2,30.6,0.25,38.2,2.3
Clayton,2057,"5,212","2,430",,"1,104",,552,835,,0,6,,0,0,,0.16,838,"9,300",0.2,30.6,0.25,38.2,2.3
Clayton,2058,"5,209","2,429",,"1,103",,552,835,,0,6,,0,0,,0.16,838,"9,295",0.2,30.6,0.25,38.2,2.3
Clayton,2059,"5,206","2,428",,"1,103",,552,835,,0,6,,0,0,,0.16,838,"9,291",0.2,30.5,0.25,38.2,2.3
Clayton,2060,"5,203","2,426",,"1,102",,552,835,,0,6,,0,0,,0.16,838,"9,286",0.2,30.5,0.25,38.2,2.3
Clayton,2061,"5,255","2,451",,"1,113",,557,843,,0,6,,0,0,,0.16,840,"9,385",0.2,30.9,0.25,38.6,2.3
Clayton,2062,"5,308","2,475",,"1,124",,563,852,,0,6,,0,0,,0.16,843,"9,485",0.2,31.2,0.25,39,2.3
Clayton,2063,"5,360","2,500",,"1,135",,569,861,,0,6,,0,0,,0.16,846,"9,585",0.2,31.5,0.25,39.4,2.3
Clayton,2064,"5,412","2,524",,"1,146",,575,869,,0,6,,0,0,,0.16,848,"9,684",0.2,31.8,0.25,39.8,2.3
Clayton,2065,"5,464","2,549",,"1,157",,580,878,,0,6,,0,0,,0.16,851,"9,784",0.2,32.2,0.25,40.2,2.3
Cobb,2020,"11,145","3,403",,"5,287",547,403,0.01,0,,0.3,,1,,,0.15,"1,727","19,057",0.335,69.7,0.25,87.1,4.7
Cobb,2021,"11,270","3,442",,"5,348",553,408,0.01,0,,0.3,,1,,,0.15,"1,732","19,291",0.335,70.6,0.25,88.2,4.7
Cobb,2022,"11,401","3,482",,"5,413",560,413,0.01,0,,0.31,,1,,,0.15,"1,736","19,534",0.335,71.4,0.25,89.3,4.8
Cobb,2023,"11,529","3,522",,"5,477",567,418,0.01,0,,0.31,,1,,,0.15,"1,740","19,774",0.335,72.3,0.25,90.4,4.8
Cobb,2024,"11,654","3,562",,"5,539",574,423,0.01,0,,0.31,,1,,,0.15,"1,745","20,008",0.335,73.2,0.25,91.5,4.8
Cobb,2025,"11,772","3,598",,"5,599",580,427,0.01,0,,0.32,,1,,,0.15,"1,749","20,228",0.335,74,0.25,92.5,4.8
Cobb,2026,"11,873","3,630",,"5,651",586,431,0.01,0,,0.32,,1,,,0.15,"1,752","20,421",0.335,74.7,0.25,93.4,4.8
Cobb,2027,"11,976","3,663",,"5,705",592,436,0.01,0,,0.32,,1,,,0.15,"1,756","20,616",0.335,75.4,0.25,94.3,4.8
Cobb,2028,"12,077","3,695",,"5,758",597,440,0.01,0,,0.33,,1,,,0.15,"1,759","20,809",0.335,76.1,0.25,95.1,4.8
Cobb,2029,"12,172","3,725",,"5,808",603,444,0.01,0,,0.33,,1,,,0.14,"1,762","20,990",0.335,76.8,0.25,96,4.8
Cobb,2030,"12,272","3,756",,"5,861",609,448,0.01,0,,0.33,,1,,,0.14,"1,766","21,181",0.335,77.5,0.25,96.8,4.8
Cobb,2031,"12,352","3,782",,"5,905",613,452,0.01,0,,0.34,,1,,,0.14,"1,768","21,337",0.335,78,0.25,97.6,4.8
Cobb,2032,"12,442","3,811",,"5,952",619,455,0.01,0,,0.34,,1,,,0.14,"1,772","21,508",0.335,78.7,0.25,98.3,4.9
Cobb,2033,"12,543","3,843",,"6,006",624,460,0.01,0,,0.34,,1,,,0.14,"1,775","21,701",0.335,79.4,0.25,99.2,4.9
Cobb,2034,"12,631","3,870",,"6,052",629,463,0.01,0,,0.35,,1,,,0.14,"1,778","21,869",0.335,80,0.25,100,4.9
Cobb,2035,"12,703","3,893",,"6,091",633,466,0.01,0,,0.35,,1,,,0.14,"1,780","22,007",0.335,80.5,0.25,100.6,4.9
Cobb,2036,"12,783","3,919",,"6,133",638,470,0.01,0,,0.35,,1,,,0.14,"1,783","22,161",0.335,81.1,0.25,101.3,4.9
Cobb,2037,"12,853","3,941",,"6,170",642,473,0.01,0,,0.35,,1,,,0.14,"1,785","22,294",0.335,81.5,0.25,101.9,4.9
Cobb,2038,"12,919","3,962",,"6,205",646,476,0.01,0,,0.35,,1,,,0.14,"1,788","22,421",0.335,82,0.25,102.5,4.9
Cobb,2039,"12,986","3,984",,"6,241",650,479,0.01,0,,0.36,,1,,,0.14,"1,790","22,550",0.335,82.5,0.25,103.1,4.9
Cobb,2040,"13,057","4,006",,"6,278",654,482,0.01,0,,0.36,,1,,,0.14,"1,792","22,685",0.335,83,0.25,103.7,4.9
Cobb,2041,"13,125","4,028",,"6,313",658,484,0.01,0,,0.36,,1,,,0.14,"1,795","22,814",0.335,83.4,0.25,104.3,4.9
Cobb,2042,"13,184","4,046",,"6,344",661,487,0.01,0,,0.36,,1,,,0.14,"1,797","22,926",0.335,83.9,0.25,104.8,4.9
Cobb,2043,"13,237","4,063",,"6,372",664,489,0.01,0,,0.36,,1,,,0.14,"1,799","23,028",0.335,84.2,0.25,105.3,4.9
Cobb,2044,"13,280","4,077",,"6,395",667,491,0.01,0,,0.37,,1,,,0.14,"1,800","23,112",0.335,84.5,0.25,105.7,4.9
Cobb,2045,"13,324","4,091",,"6,419",670,493,0.01,0,,0.37,,1,,,0.14,"1,802","23,197",0.335,84.8,0.25,106.1,4.9
Cobb,2046,"13,366","4,105",,"6,442",672,495,0.01,0,,0.37,,1,,,0.13,"1,803","23,279",0.335,85.1,0.25,106.4,4.9
Cobb,2047,"13,410","4,119",,"6,466",675,497,0.01,0,,0.37,,1,,,0.13,"1,804","23,364",0.335,85.5,0.25,106.8,4.9
Cobb,2048,"13,453","4,133",,"6,489",677,499,0.01,0,,0.37,,1,,,0.13,"1,806","23,447",0.335,85.8,0.25,107.2,4.9
Cobb,2049,"13,495","4,146",,"6,511",680,501,0.01,0,,0.37,,1,,,0.13,"1,807","23,527",0.335,86.1,0.25,107.6,5
Cobb,2050,"13,529","4,158",,"6,530",682,502,0.01,0,,0.37,,1,,,0.13,"1,808","23,595",0.335,86.3,0.25,107.9,5
Cobb,2051,"13,544","4,165",,"6,552",685,504,0.01,0,,0.38,,1,,,0.13,"1,809","23,642",0.335,86.5,0.25,108.1,5
Cobb,2052,"13,594","4,181",,"6,580",688,507,0.01,0,,0.38,,1,,,0.13,"1,811","23,741",0.335,86.8,0.25,108.5,5
Cobb,2053,"13,639","4,196",,"6,606",691,509,0.01,0,,0.38,,1,,,0.13,"1,812","23,830",0.335,87.2,0.25,108.9,5
Cobb,2054,"13,682","4,210",,"6,631",694,511,0.01,0,,0.38,,1,,,0.13,"1,814","23,916",0.335,87.5,0.25,109.3,5
Cobb,2055,"13,720","4,223",,"6,654",696,513,0.01,0,,0.38,,1,,,0.13,"1,815","23,992",0.335,87.8,0.25,109.7,5
Cobb,2056,"13,759","4,236",,"6,677",699,515,0.01,0,,0.38,,1,,,0.13,"1,816","24,071",0.335,88,0.25,110.1,5
Cobb,2057,"13,803","4,250",,"6,703",702,517,0.01,0,,0.38,,1,,,0.13,"1,818","24,158",0.335,88.4,0.25,110.4,5
Cobb,2058,"13,840","4,263",,"6,725",705,519,0.01,0,,0.39,,1,,,0.13,"1,819","24,234",0.335,88.6,0.25,110.8,5
Cobb,2059,"13,887","4,278",,"6,752",708,521,0.01,0,,0.39,,1,,,0.13,"1,821","24,326",0.335,89,0.25,111.2,5
Cobb,2060,"13,919","4,289",,"6,772",710,523,0.01,0,,0.39,,1,,,0.13,"1,822","24,392",0.335,89.2,0.25,111.5,5
Cobb,2061,"13,949","4,299",,"6,791",712,524,0.01,0,,0.39,,1,,,0.13,"1,823","24,455",0.335,89.4,0.25,111.8,5
Cobb,2062,"13,982","4,311",,"6,811",715,526,0.01,0,,0.39,,1,,,0.13,"1,824","24,522",0.335,89.7,0.25,112.1,5
Cobb,2063,"14,014","4,321",,"6,831",717,528,0.01,0,,0.39,,1,,,0.13,"1,825","24,588",0.335,89.9,0.25,112.4,5
Cobb,2064,"14,039","4,330",,"6,848",719,529,0.01,0,,0.39,,1,,,0.13,"1,826","24,641",0.335,90.1,0.25,112.7,5
Cobb,2065,"14,059","4,337",,"6,862",721,531,0.01,0,,0.4,,1,,,0.13,"1,826","24,684",0.335,90.3,0.25,112.9,5
Coweta,2020,"2,193",312,,437,61,249,357,0,,,219,0,0,,0.66,"1,597","2,012",0.1,6.1,0.25,7.6,4.4
Coweta,2021,"2,238",319,,446,62,254,365,0,,,223,0,0,,0.66,"1,634","2,273",0.1,6.9,0.25,8.6,4.5
Coweta,2022,"2,282",325,,455,64,259,372,0,,,228,0,0,,0.67,"1,671","2,315",0.1,7,0.25,8.7,4.6
Coweta,2023,"2,326",332,,465,65,264,380,0,,,232,0,0,,0.67,"1,707","2,357",0.1,7.1,0.25,8.9,4.7
Coweta,2024,"2,370",338,,474,66,270,388,0,,,237,0,0,,0.67,"1,744","2,399",0.1,7.2,0.25,9,4.8
Coweta,2025,"2,415",345,,483,68,275,395,0,,,241,0,0,,0.67,"1,781","2,442",0.1,7.4,0.25,9.2,4.9
Coweta,2026,"2,459",351,,492,69,280,403,0,,,246,0,0,,0.67,"1,818","2,484",0.1,7.5,0.25,9.4,5
Coweta,2027,"2,505",358,,502,70,286,411,0,,,251,0,0,,0.67,"1,855","2,528",0.1,7.6,0.25,9.5,5.1
Coweta,2028,"2,550",365,,512,72,291,419,0,,,255,0,0,,0.67,"1,892","2,571",0.1,7.7,0.25,9.7,5.2
Coweta,2029,"2,595",371,,521,73,297,427,0,,,260,0,0,,0.68,"1,929","2,614",0.1,7.9,0.25,9.8,5.3
Coweta,2030,"2,639",378,,530,74,302,434,0,,,264,0,0,,0.68,"1,966","2,656",0.1,8,0.25,10,5.4
Coweta,2031,"2,680",384,,539,76,307,442,0,,,268,0,0,,0.68,"2,000","2,697",0.1,8.1,0.25,10.2,5.5
Coweta,2032,"2,725",390,,549,77,313,450,0,,,273,0,0,,0.68,"2,037","2,740",0.1,8.3,0.25,10.3,5.6
Coweta,2033,"2,771",397,,558,78,318,458,0,,,278,0,0,,0.68,"2,075","2,784",0.1,8.4,0.25,10.5,5.7
Coweta,2034,"2,815",404,,568,80,324,465,0,,,282,0,0,,0.68,"2,112","2,827",0.1,8.5,0.25,10.6,5.8
Coweta,2035,"2,859",410,,577,81,329,473,0,,,287,0,0,,0.68,"2,147","2,868",0.1,8.6,0.25,10.8,5.9
Coweta,2036,"2,906",417,,587,82,335,481,0,,,291,0,0,,0.68,"2,186","2,913",0.1,8.8,0.25,11,6
Coweta,2037,"2,951",424,,596,84,340,489,0,,,296,0,0,,0.68,"2,223","2,956",0.1,8.9,0.25,11.1,6.1
Coweta,2038,"2,993",430,,605,85,345,496,0,,,300,0,0,,0.69,"2,258","2,996",0.1,9,0.25,11.3,6.2
Coweta,2039,"3,037",436,,614,86,351,504,0,,,305,0,0,,0.69,"2,295","3,038",0.1,9.2,0.25,11.4,6.3
Coweta,2040,"3,084",443,,624,88,356,512,0,,,309,0,0,,0.69,"2,333","3,083",0.1,9.3,0.25,11.6,6.4
Coweta,2041,"3,131",450,,634,89,362,520,0,,,314,0,0,,0.69,"2,372","3,128",0.1,9.4,0.25,11.8,6.5
Coweta,2042,"3,174",456,,643,90,367,528,0,,,318,0,0,,0.69,"2,408","3,169",0.1,9.5,0.25,11.9,6.6
Coweta,2043,"3,215",462,,651,92,372,535,0,,,322,0,0,,0.69,"2,442","3,208",0.1,9.7,0.25,12.1,6.7
Coweta,2044,"3,256",468,,660,93,377,542,0,,,327,0,0,,0.69,"2,476","3,247",0.1,9.8,0.25,12.2,6.8
Coweta,2045,"3,299",475,,669,94,382,549,0,,,331,0,0,,0.69,"2,511","3,288",0.1,9.9,0.25,12.4,6.9
Coweta,2046,"3,343",481,,678,95,387,557,0,,,335,0,0,,0.69,"2,547","3,330",0.1,10,0.25,12.5,7
Coweta,2047,"3,387",487,,687,97,393,564,0,,,340,0,0,,0.69,"2,584","3,372",0.1,10.2,0.25,12.7,7.1
Coweta,2048,"3,430",494,,696,98,398,572,0,,,344,0,0,,0.69,"2,620","3,413",0.1,10.3,0.25,12.9,7.2
Coweta,2049,"3,475",500,,706,99,403,580,0,,,349,0,0,,0.69,"2,657","3,456",0.1,10.4,0.25,13,7.3
Coweta,2050,"3,520",507,,715,101,409,587,0,,,353,0,0,,0.7,"2,693","3,499",0.1,10.5,0.25,13.2,7.4
Coweta,2051,"3,568",514,,725,102,414,596,0,,,358,0,0,,0.7,"2,733","3,544",0.1,10.7,0.25,13.4,7.5
Coweta,2052,"3,619",521,,735,103,420,604,0,,,363,0,0,,0.7,"2,775","3,591",0.1,10.8,0.25,13.5,7.6
Coweta,2053,"3,670",529,,746,105,426,613,0,,,368,0,0,,0.7,"2,818","3,639",0.1,11,0.25,13.7,7.7
Coweta,2054,"3,722",536,,756,106,432,621,0,,,373,0,0,,0.7,"2,860","3,687",0.1,11.1,0.25,13.9,7.8
Coweta,2055,"3,775",544,,767,108,438,630,0,,,379,0,0,,0.7,"2,904","3,737",0.1,11.3,0.25,14.1,8
Coweta,2056,"3,827",551,,778,109,445,639,0,,,384,0,0,,0.7,"2,947","3,786",0.1,11.4,0.25,14.3,8.1
Coweta,2057,"3,879",559,,788,111,451,647,0,,,389,0,0,,0.7,"2,990","3,834",0.1,11.6,0.25,14.4,8.2
Coweta,2058,"3,933",566,,799,112,457,656,0,,,395,0,0,,0.7,"3,034","3,885",0.1,11.7,0.25,14.6,8.3
Coweta,2059,"3,986",574,,810,114,463,665,0,,,400,0,0,,0.7,"3,078","3,934",0.1,11.9,0.25,14.8,8.4
Coweta,2060,"4,040",582,,821,115,469,674,0,,,405,0,0,,0.7,"3,123","3,985",0.1,12,0.25,15,8.6
Coweta,2061,"4,093",590,,832,117,475,683,0,,,411,0,0,,0.7,"3,167","4,034",0.1,12.2,0.25,15.2,8.7
Coweta,2062,"4,146",597,,842,118,482,692,0,,,416,0,0,,0.7,"3,210","4,084",0.1,12.3,0.25,15.4,8.8
Coweta,2063,"4,199",605,,853,120,488,701,0,,,421,0,0,,0.7,"3,254","4,133",0.1,12.5,0.25,15.6,8.9
Coweta,2064,"4,255",613,,864,122,494,710,0,,,427,0,0,,0.7,"3,300","4,185",0.1,12.6,0.25,15.8,9
Coweta,2065,"4,311",621,,876,123,501,720,0,,,433,0,0,,0.71,"3,346","4,238",0.1,12.8,0.25,16,9.2
DeKalb,2020,"9,396","3,819",,"5,125",219,,118,0,,14,,1,,,0.11,"1,078","17,614",0.5,72.4,0.25,90.5,3
DeKalb,2021,"9,540","3,880",,"5,208",222,,120,0,,14,,1,,,0.11,"1,080","17,905",0.5,73.6,0.25,92,3
DeKalb,2022,"9,673","3,937",,"5,284",226,,121,0,,14,,1,,,0.11,"1,081","18,175",0.5,74.7,0.25,93.4,3
DeKalb,2023,"9,802","3,992",,"5,359",229,,123,0,,15,,1,,,0.11,"1,082","18,438",0.5,75.8,0.25,94.7,3
DeKalb,2024,"9,904","4,037",,"5,420",231,,125,0,,15,,1,,,0.11,"1,083","18,650",0.5,76.6,0.25,95.8,3
DeKalb,2025,"10,007","4,082",,"5,482",234,,126,0,,15,,1,,,0.11,"1,084","18,863",0.5,77.5,0.25,96.9,3
DeKalb,2026,"10,098","4,123",,"5,537",237,,127,0,,15,,1,,,0.11,"1,085","19,053",0.5,78.3,0.25,97.9,3
DeKalb,2027,"10,185","4,162",,"5,591",239,,129,0,,15,,1,,,0.11,"1,086","19,236",0.5,79.1,0.25,98.8,3
DeKalb,2028,"10,268","4,200",,"5,643",241,,130,0,,15,,1,,,0.11,"1,087","19,412",0.5,79.8,0.25,99.7,3
DeKalb,2029,"10,336","4,232",,"5,688",243,,131,0,,15,,1,,,0.11,"1,088","19,559",0.5,80.4,0.25,100.5,3
DeKalb,2030,"10,400","4,262",,"5,730",245,,132,0,,16,,1,,,0.1,"1,088","19,697",0.5,80.9,0.25,101.2,3
DeKalb,2031,"10,451","4,287",,"5,766",247,,133,0,,16,,1,,,0.1,"1,089","19,810",0.5,81.4,0.25,101.8,3
DeKalb,2032,"10,506","4,313",,"5,803",248,,134,0,,16,,1,,,0.1,"1,089","19,932",0.5,81.9,0.25,102.4,3
DeKalb,2033,"10,566","4,342",,"5,843",250,,135,0,,16,,1,,,0.1,"1,090","20,063",0.5,82.5,0.25,103.1,3
DeKalb,2034,"10,609","4,363",,"5,873",251,,135,0,,16,,1,,,0.1,"1,090","20,158",0.5,82.8,0.25,103.6,3
DeKalb,2035,"10,650","4,383",,"5,901",253,,136,0,,16,,1,,,0.1,"1,091","20,249",0.5,83.2,0.25,104,3
DeKalb,2036,"10,698","4,406",,"5,933",254,,137,0,,16,,1,,,0.1,"1,091","20,354",0.5,83.6,0.25,104.6,3
DeKalb,2037,"10,743","4,427",,"5,963",256,,138,0,,16,,1,,,0.1,"1,092","20,452",0.5,84,0.25,105.1,3
DeKalb,2038,"10,786","4,448",,"5,992",257,,138,0,,16,,1,,,0.1,"1,092","20,546",0.5,84.4,0.25,105.5,3
DeKalb,2039,"10,825","4,467",,"6,019",258,,139,0,,16,,1,,,0.1,"1,092","20,633",0.5,84.8,0.25,106,3
DeKalb,2040,"10,868","4,487",,"6,047",259,,140,0,,16,,1,,,0.1,"1,093","20,725",0.5,85.2,0.25,106.5,3
DeKalb,2041,"10,908","4,506",,"6,073",260,,140,0,,17,,1,,,0.1,"1,093","20,812",0.5,85.5,0.25,106.9,3
DeKalb,2042,"10,939","4,522",,"6,095",261,,141,0,,17,,1,,,0.1,"1,094","20,882",0.5,85.8,0.25,107.3,3
DeKalb,2043,"10,970","4,537",,"6,116",262,,141,0,,17,,1,,,0.1,"1,094","20,951",0.5,86.1,0.25,107.6,3
DeKalb,2044,"10,999","4,551",,"6,137",263,,142,0,,17,,1,,,0.1,"1,094","21,016",0.5,86.4,0.25,108,3
DeKalb,2045,"11,028","4,565",,"6,156",264,,142,0,,17,,1,,,0.1,"1,095","21,079",0.5,86.6,0.25,108.3,3
DeKalb,2046,"11,061","4,582",,"6,179",265,,143,0,,17,,1,,,0.1,"1,095","21,153",0.5,86.9,0.25,108.7,3
DeKalb,2047,"11,091","4,596",,"6,200",266,,143,0,,17,,1,,,0.1,"1,095","21,220",0.5,87.2,0.25,109,3
DeKalb,2048,"11,123","4,612",,"6,221",267,,144,0,,17,,1,,,0.1,"1,095","21,290",0.5,87.5,0.25,109.4,3
DeKalb,2049,"11,151","4,626",,"6,241",268,,144,0,,17,,1,,,0.1,"1,096","21,351",0.5,87.7,0.25,109.7,3
DeKalb,2050,"11,175","4,638",,"6,258",269,,145,0,,17,,1,,,0.1,"1,096","21,407",0.5,88,0.25,110,3
DeKalb,2051,"11,174","4,648",,"6,276",270,,145,0,,17,,1,,,0.1,"1,096","21,434",0.5,88.1,0.25,110.1,3
DeKalb,2052,"11,207","4,665",,"6,300",271,,146,0,,17,,1,,,0.1,"1,096","21,511",0.5,88.4,0.25,110.5,3
DeKalb,2053,"11,239","4,682",,"6,324",272,,146,0,,17,,1,,,0.1,"1,097","21,585",0.5,88.7,0.25,110.9,3
DeKalb,2054,"11,266","4,696",,"6,345",273,,147,0,,17,,1,,,0.1,"1,097","21,648",0.5,89,0.25,111.2,3
DeKalb,2055,"11,294","4,712",,"6,367",274,,148,0,,17,,1,,,0.1,"1,097","21,716",0.5,89.2,0.25,111.6,3
DeKalb,2056,"11,326","4,729",,"6,391",275,,148,0,,17,,1,,,0.1,"1,097","21,790",0.5,89.5,0.25,111.9,3
DeKalb,2057,"11,352","4,743",,"6,412",276,,149,0,,18,,1,,,0.1,"1,098","21,853",0.5,89.8,0.25,112.3,3
DeKalb,2058,"11,380","4,759",,"6,434",277,,149,0,,18,,1,,,0.1,"1,098","21,920",0.5,90.1,0.25,112.6,3
DeKalb,2059,"11,402","4,771",,"6,452",278,,150,0,,18,,1,,,0.1,"1,098","21,973",0.5,90.3,0.25,112.9,3
DeKalb,2060,"11,426","4,785",,"6,472",279,,150,0,,18,,1,,,0.1,"1,098","22,032",0.5,90.5,0.25,113.2,3
DeKalb,2061,"11,449","4,798",,"6,492",280,,151,0,,18,,1,,,0.1,"1,099","22,089",0.5,90.8,0.25,113.5,3
DeKalb,2062,"11,480","4,815",,"6,515",281,,151,0,,18,,1,,,0.1,"1,099","22,162",0.5,91.1,0.25,113.8,3
DeKalb,2063,"11,501","4,827",,"6,534",282,,152,0,,18,,1,,,0.1,"1,099","22,216",0.5,91.3,0.25,114.1,3
DeKalb,2064,"11,519","4,838",,"6,550",283,,152,0,,18,,1,,,0.1,"1,099","22,261",0.5,91.5,0.25,114.4,3
DeKalb,2065,"11,533","4,848",,"6,565",283,,153,0,,18,,1,,,0.1,"1,100","22,301",0.5,91.6,0.25,114.6,3
Douglas,2020,"2,109",488,,360,65,100,121,0,,,,0,,,0.48,1006,"2,237",0.2,7.4,0.25,9.2,2.8
Douglas,2021,"2,149",497,,366,66,102,124,0,,,,0,,,0.47,1014,"2,291",0.2,7.5,0.25,9.4,2.8
Douglas,2022,"2,186",506,,373,68,103,126,0,,,,0,,,0.47,1021,"2,340",0.2,7.7,0.25,9.6,2.8
Douglas,2023,"2,221",514,,379,69,105,128,0,,,,0,,,0.46,1028,"2,387",0.2,7.8,0.25,9.8,2.8
Douglas,2024,"2,255",521,,385,70,107,130,0,,,,0,,,0.46,1035,"2,433",0.2,8,0.25,10,2.8
Douglas,2025,"2,288",529,,391,71,109,132,0,,,,0,,,0.46,1042,"2,477",0.2,8.1,0.25,10.2,2.9
Douglas,2026,"2,318",536,,396,72,110,134,0,,,,0,,,0.45,1048,"2,517",0.2,8.3,0.25,10.3,2.9
Douglas,2027,"2,346",542,,401,73,111,136,0,,,,0,,,0.45,1053,"2,556",0.2,8.4,0.25,10.5,2.9
Douglas,2028,"2,374",548,,406,74,113,137,0,,,,0,,,0.45,1059,"2,594",0.2,8.5,0.25,10.7,2.9
Douglas,2029,"2,402",555,,411,75,114,139,0,,,,0,,,0.44,1064,"2,631",0.2,8.6,0.25,10.8,2.9
Douglas,2030,"2,430",561,,416,76,116,141,0,,,,0,,,0.44,1070,"2,669",0.2,8.8,0.25,11,2.9
Douglas,2031,"2,457",567,,421,76,117,142,0,,,,0,,,0.44,1075,"2,705",0.2,8.9,0.25,11.1,2.9
Douglas,2032,"2,484",573,,426,77,119,144,0,,,,0,,,0.44,1081,"2,742",0.2,9,0.25,11.3,3
Douglas,2033,"2,510",579,,430,78,120,146,0,,,,0,,,0.43,1086,"2,778",0.2,9.1,0.25,11.4,3
Douglas,2034,"2,535",584,,435,79,121,147,0,,,,0,,,0.43,1091,"2,811",0.2,9.2,0.25,11.6,3
Douglas,2035,"2,558",590,,439,80,122,149,0,,,,0,,,0.43,1096,"2,842",0.2,9.3,0.25,11.7,3
Douglas,2036,"2,584",595,,443,81,124,150,0,,,,0,,,0.43,1101,"2,877",0.2,9.5,0.25,11.8,3
Douglas,2037,"2,607",601,,448,82,125,152,0,,,,0,,,0.42,1105,"2,908",0.2,9.6,0.25,12,3
Douglas,2038,"2,630",606,,452,82,126,153,0,,,,0,,,0.42,1110,"2,940",0.2,9.7,0.25,12.1,3
Douglas,2039,"2,655",611,,456,83,127,155,0,,,,0,,,0.42,1115,"2,973",0.2,9.8,0.25,12.2,3.1
Douglas,2040,"2,681",617,,461,84,129,157,0,,,,0,,,0.42,1120,"3,008",0.2,9.9,0.25,12.4,3.1
Douglas,2041,"2,707",623,,465,85,130,158,0,,,,0,,,0.42,1125,"3,042",0.2,10,0.25,12.5,3.1
Douglas,2042,"2,727",628,,469,86,131,159,0,,,,0,,,0.41,1130,"3,070",0.2,10.1,0.25,12.6,3.1
Douglas,2043,"2,747",632,,472,86,132,161,0,,,,0,,,0.41,1134,"3,097",0.2,10.2,0.25,12.7,3.1
Douglas,2044,"2,766",636,,475,87,133,162,0,,,,0,,,0.41,1137,"3,122",0.2,10.3,0.25,12.8,3.1
Douglas,2045,"2,784",640,,479,87,134,163,0,,,,0,,,0.41,1141,"3,146",0.2,10.3,0.25,12.9,3.1
Douglas,2046,"2,802",644,,482,88,135,164,0,,,,0,,,0.41,1145,"3,171",0.2,10.4,0.25,13,3.1
Douglas,2047,"2,822",649,,485,89,136,165,0,,,,0,,,0.41,1148,"3,198",0.2,10.5,0.25,13.1,3.1
Douglas,2048,"2,840",653,,488,89,137,166,0,,,,0,,,0.41,1152,"3,222",0.2,10.6,0.25,13.2,3.2
Douglas,2049,"2,858",657,,492,90,138,168,0,,,,0,,,0.4,1156,"3,246",0.2,10.7,0.25,13.3,3.2
Douglas,2050,"2,878",661,,495,91,139,169,0,,,,0,,,0.4,1160,"3,273",0.2,10.8,0.25,13.5,3.2
Douglas,2051,"2,893",664,,498,91,140,170,0,,,,0,,,0.4,1163,"3,294",0.2,10.8,0.25,13.5,3.2
Douglas,2052,"2,912",668,,502,92,141,171,0,,,,0,,,0.4,1167,"3,320",0.2,10.9,0.25,13.6,3.2
Douglas,2053,"2,932",673,,506,93,142,173,0,,,,0,,,0.4,1171,"3,348",0.2,11,0.25,13.8,3.2
Douglas,2054,"2,952",677,,509,93,143,174,0,,,,0,,,0.4,1174,"3,374",0.2,11.1,0.25,13.9,3.2
Douglas,2055,"2,972",682,,513,94,144,175,0,,,,0,,,0.4,1179,"3,402",0.2,11.2,0.25,14,3.2
Douglas,2056,"2,994",686,,517,95,145,177,0,,,,0,,,0.4,1183,"3,431",0.2,11.3,0.25,14.1,3.2
Douglas,2057,"3,016",691,,521,96,146,178,0,,,,0,,,0.39,1187,"3,460",0.2,11.4,0.25,14.2,3.3
Douglas,2058,"3,037",696,,524,96,147,179,0,,,,0,,,0.39,1191,"3,489",0.2,11.5,0.25,14.3,3.3
Douglas,2059,"3,056",700,,528,97,149,181,0,,,,0,,,0.39,1195,"3,516",0.2,11.6,0.25,14.4,3.3
Douglas,2060,"3,078",705,,532,98,150,182,0,,,,0,,,0.39,1200,"3,544",0.2,11.7,0.25,14.6,3.3
Douglas,2061,"3,099",709,,536,98,151,183,0,,,,0,,,0.39,1204,"3,574",0.2,11.7,0.25,14.7,3.3
Douglas,2062,"3,120",714,,539,99,152,185,0,,,,0,,,0.39,1208,"3,602",0.2,11.8,0.25,14.8,3.3
Douglas,2063,"3,141",719,,543,100,153,186,0,,,,0,,,0.39,1212,"3,630",0.2,11.9,0.25,14.9,3.3
Douglas,2064,"3,160",723,,547,101,154,187,0,,,,0,,,0.38,1216,"3,656",0.2,12,0.25,15,3.3
Douglas,2065,"3,180",727,,550,101,155,189,0,,,,0,,,0.38,1220,"3,683",0.2,12.1,0.25,15.1,3.3
Fayette,2020,"1,982",144,,402,,53,11,0,,74,264,,,,0.61,"1,209","1,719",0.3,6.1,0.25,7.7,3.3
Fayette,2021,"2,005",146,,406,,53,11,0,,74,267,,,,0.61,"1,226","1,737",0.3,6.2,0.25,7.7,3.4
Fayette,2022,"2,031",148,,412,,54,11,0,,76,271,,,,0.62,"1,246","1,757",0.3,6.3,0.25,7.8,3.4
Fayette,2023,"2,059",150,,418,,55,11,0,,77,275,,,,0.63,"1,267","1,778",0.3,6.3,0.25,7.9,3.5
Fayette,2024,"2,087",152,,424,,56,11,0,,78,279,,,,0.64,"1,288","1,799",0.3,6.4,0.25,8,3.5
Fayette,2025,"2,115",154,,430,,57,11,0,,79,283,,,,0.65,"1,309","1,821",0.3,6.5,0.25,8.1,3.6
Fayette,2026,"2,142",156,,436,,58,12,0,,80,286,,,,0.66,"1,329","1,842",0.3,6.6,0.25,8.2,3.6
Fayette,2027,"2,168",158,,442,,58,12,0,,81,290,,,,0.67,"1,348","1,862",0.3,6.6,0.25,8.3,3.7
Fayette,2028,"2,192",160,,448,,59,12,0,,82,294,,,,0.67,"1,366","1,881",0.3,6.7,0.25,8.4,3.7
Fayette,2029,"2,215",162,,453,,60,12,0,,84,297,,,,0.68,"1,383","1,898",0.3,6.8,0.25,8.5,3.8
Fayette,2030,"2,238",164,,458,,61,12,0,,85,300,,,,0.69,"1,401","1,917",0.3,6.8,0.25,8.5,3.8
Fayette,2031,"2,259",166,,463,,61,12,0,,86,303,,,,0.7,"1,416","1,933",0.3,6.9,0.25,8.6,3.9
Fayette,2032,"2,279",167,,468,,62,13,0,,86,306,,,,0.7,"1,432","1,949",0.3,6.9,0.25,8.7,3.9
Fayette,2033,"2,300",169,,473,,63,13,0,,87,309,,,,0.71,"1,448","1,967",0.3,7,0.25,8.8,4
Fayette,2034,"2,321",171,,478,,63,13,0,,88,312,,,,0.72,"1,463","1,983",0.3,7.1,0.25,8.8,4
Fayette,2035,"2,340",172,,482,,64,13,0,,89,314,,,,0.73,"1,477","1,997",0.3,7.1,0.25,8.9,4
Fayette,2036,"2,362",174,,487,,65,13,0,,90,318,,,,0.73,"1,494","2,015",0.3,7.2,0.25,9,4.1
Fayette,2037,"2,385",176,,492,,65,13,0,,91,321,,,,0.74,"1,511","2,032",0.3,7.2,0.25,9,4.1
Fayette,2038,"2,406",177,,497,,66,13,0,,92,324,,,,0.75,"1,527","2,049",0.3,7.3,0.25,9.1,4.2
Fayette,2039,"2,429",179,,502,,67,14,0,,93,327,,,,0.76,"1,544","2,066",0.3,7.4,0.25,9.2,4.2
Fayette,2040,"2,453",181,,507,,67,14,0,,94,330,,,,0.77,"1,562","2,084",0.3,7.4,0.25,9.3,4.3
Fayette,2041,"2,478",183,,513,,68,14,0,,95,333,,,,0.77,"1,581","2,103",0.3,7.5,0.25,9.4,4.3
Fayette,2042,"2,502",185,,518,,69,14,0,,96,337,,,,0.78,"1,599","2,122",0.3,7.6,0.25,9.4,4.4
Fayette,2043,"2,526",187,,523,,70,14,0,,97,340,,,,0.79,"1,617","2,140",0.3,7.6,0.25,9.5,4.4
Fayette,2044,"2,550",189,,528,,70,14,0,,98,343,,,,0.8,"1,635","2,158",0.3,7.7,0.25,9.6,4.5
Fayette,2045,"2,574",190,,534,,71,14,0,,99,346,,,,0.81,"1,653","2,176",0.3,7.8,0.25,9.7,4.5
Fayette,2046,"2,600",192,,539,,72,15,0,,100,350,,,,0.82,"1,673","2,196",0.3,7.8,0.25,9.8,4.6
Fayette,2047,"2,627",194,,545,,73,15,0,,101,354,,,,0.83,"1,693","2,216",0.3,7.9,0.25,9.9,4.6
Fayette,2048,"2,653",196,,551,,74,15,0,,103,357,,,,0.84,"1,712","2,236",0.3,8,0.25,10,4.7
Fayette,2049,"2,679",198,,556,,74,15,0,,104,361,,,,0.85,"1,732","2,255",0.3,8,0.25,10,4.7
Fayette,2050,"2,704",200,,562,,75,15,0,,105,364,,,,0.85,"1,750","2,274",0.3,8.1,0.25,10.1,4.8
Fayette,2051,"2,717",202,,567,,76,15,0,,106,367,,,,0.86,"1,761","2,289",0.3,8.2,0.25,10.2,4.8
Fayette,2052,"2,743",204,,573,,77,16,0,,107,370,,,,0.87,"1,780","2,309",0.3,8.2,0.25,10.3,4.9
Fayette,2053,"2,768",206,,578,,78,16,0,,108,374,,,,0.88,"1,799","2,329",0.3,8.3,0.25,10.4,4.9
Fayette,2054,"2,795",208,,585,,78,16,0,,109,378,,,,0.89,"1,819","2,350",0.3,8.4,0.25,10.5,5
Fayette,2055,"2,822",210,,591,,79,16,0,,111,381,,,,0.9,"1,839","2,372",0.3,8.4,0.25,10.6,5
Fayette,2056,"2,850",213,,597,,80,16,0,,112,385,,,,0.9,"1,860","2,394",0.3,8.5,0.25,10.7,5.1
Fayette,2057,"2,878",215,,604,,81,16,0,,113,389,,,,0.91,"1,881","2,415",0.3,8.6,0.25,10.8,5.2
Fayette,2058,"2,907",217,,610,,82,17,0,,114,393,,,,0.92,"1,903","2,438",0.3,8.7,0.25,10.9,5.2
Fayette,2059,"2,935",219,,617,,83,17,0,,116,397,,,,0.93,"1,924","2,460",0.3,8.8,0.25,11,5.3
Fayette,2060,"2,964",222,,623,,84,17,0,,117,401,,,,0.94,"1,945","2,483",0.3,8.8,0.25,11.1,5.3
Fayette,2061,"2,993",224,,630,,85,17,0,,118,405,,,,0.95,"1,967","2,505",0.3,8.9,0.25,11.2,5.4
Fayette,2062,"3,022",227,,637,,86,17,0,,120,409,,,,0.96,"1,989","2,529",0.3,9,0.25,11.3,5.4
Fayette,2063,"3,053",229,,644,,87,18,0,,121,414,,,,0.98,"2,013","2,553",0.3,9.1,0.25,11.4,5.5
Fayette,2064,"3,086",232,,652,,88,18,0,,123,418,,,,0.99,"2,037","2,579",0.3,9.2,0.25,11.5,5.6
Fayette,2065,"3,121",234,,660,,89,18,0,,124,423,,,,1,"2,063","2,606",0.3,9.3,0.25,11.6,5.7
Forsyth,2020,,,3930.448494,696.4994251,,414.5796423,42.78509631,0,,4.655365511,89.22923433,0.406879219,,,0.466998789,1835.514685,3343.089452,0.2,10.99097902,0.25,13.73872377,5.028807357
Forsyth,2021,,,3996.462435,709.078893,,422.3229183,43.58421131,0,,4.742315704,90.89580575,0.414478671,,,0.460771487,1841.45594,3426.045118,0.2,11.26370998,0.25,14.07963747,5.045084767
Forsyth,2022,,,4061.591952,721.5725014,,430.0201108,44.37857044,0,,4.82874842,92.55245872,0.422032896,,,0.454825994,1847.317597,3508.048779,0.2,11.53331105,0.25,14.41663882,5.0611441
Forsyth,2023,,,4125.360454,733.9136333,,437.6189684,45.16278129,0,,4.914076922,94.18794724,0.429490612,,,0.44918663,1853.056762,3588.53059,0.2,11.79790879,0.25,14.74738599,5.07686784
Forsyth,2024,,,4187.679359,746.0941423,,445.1477472,45.93975992,0,,4.998618499,95.80835282,0.436879551,,,0.443841399,1858.665463,3667.439396,0.2,12.057335,0.25,15.07166875,5.092234145
Forsyth,2025,,,4318.766189,770.6082143,,460.0417079,47.47683382,0,,5.165864606,99.01395333,0.45149687,,,0.433101306,1870.463278,3831.060982,0.2,12.59526898,0.25,15.74408623,5.124556926
Forsyth,2026,,,4447.446867,794.8154626,,474.7740081,48.99722415,0,,5.331295406,102.1847599,0.465955532,,,0.423174148,1882.044539,3991.971034,0.2,13.12428833,0.25,16.40536041,5.156286408
Forsyth,2027,,,4576.520169,819.1855079,,489.6168597,50.52902352,0,,5.497967603,105.3793603,0.480522692,,,0.413777514,1893.661136,4153.548274,0.2,13.65550118,0.25,17.06937647,5.188112701
Forsyth,2028,,,4705.048873,843.558647,,504.4707734,52.06196451,0,,5.664764016,108.5763416,0.495100708,,,0.404932822,1905.228719,4314.647745,0.2,14.18514327,0.25,17.73142909,5.219804711
Forsyth,2029,,,4833.159081,867.9577619,,519.3497158,53.5974885,0,,5.831841481,111.7787097,0.509703288,,,0.396585051,1916.758638,4475.425663,0.2,14.71372821,0.25,18.39216026,5.251393529
Forsyth,2030,,,4905.701727,882.4732248,,528.3150337,54.52271962,0,,5.932514132,113.708299,0.518502084,,,0.39205145,1923.287476,4567.884545,0.2,15.01770261,0.25,18.77212827,5.269280757
Forsyth,2031,,,4973.092311,896.159736,,536.8291108,55.40138218,0,,6.028119745,115.5407686,0.52685802,,,0.387958338,1929.352629,4654.225657,0.2,15.3015638,0.25,19.12695476,5.285897613
Forsyth,2032,,,5045.472487,910.6120883,,545.8116026,56.32838567,0,,6.128985244,117.4740542,0.535673671,,,0.383683956,1935.866845,4746.496432,0.2,15.60491978,0.25,19.50614972,5.30374478
Forsyth,2033,,,5122.828323,925.8500886,,555.2734152,57.30485562,0,,6.235233095,119.5105032,0.544959739,,,0.379249264,1942.82887,4844.718508,0.2,15.92784167,0.25,19.90980209,5.322818821
Forsyth,2034,,,5199.643609,940.8876604,,564.6265564,58.27011057,0,,6.340260662,121.5235631,0.554139155,,,0.374976131,1949.742246,4942.103654,0.2,16.24801201,0.25,20.31001502,5.341759577
Forsyth,2035,,,5312.521592,962.3690486,,577.8592229,59.63573698,0,,6.488851893,124.3716062,0.567126037,,,0.368921091,1959.901264,5083.91192,0.2,16.71423097,0.25,20.89278871,5.369592504
Forsyth,2036,,,5428.616871,984.4020308,,591.4653153,61.03990138,0,,6.641636368,127.3000211,0.580479409,,,0.362956143,1970.349839,5229.696416,0.2,17.19352246,0.25,21.49190308,5.398218737
Forsyth,2037,,,5543.563027,1006.171163,,604.922599,62.42870855,0,,6.792749853,130.1964082,0.593686737,,,0.357296378,1980.694993,5373.973349,0.2,17.66785758,0.25,22.08482198,5.426561625
Forsyth,2038,,,5659.65505,1028.102164,,618.486053,63.82847261,0,,6.945055537,133.1156461,0.606998262,,,0.351813539,1991.143275,5519.596164,0.2,18.14661753,0.25,22.68327191,5.455187056
Forsyth,2039,,,5778.963595,1050.581662,,632.3870963,65.26307629,0,,7.101152052,136.1075428,0.620641107,,,0.346408316,2001.881044,5669.14372,0.2,18.63828072,0.25,23.29785091,5.484605601
Forsyth,2040,,,5930.480226,1078.881379,,649.8076054,67.06089287,0,,7.296769079,139.8569278,0.637738047,,,0.339857392,2015.517541,5858.503997,0.2,19.26083506,0.25,24.07604382,5.521965866
Forsyth,2041,,,6081.991477,1107.177576,,667.2788444,68.86394486,0,,7.49295576,143.6172313,0.654884774,,,0.333633081,2029.153554,6047.92336,0.2,19.88358365,0.25,24.85447956,5.559324805
Forsyth,2042,,,6232.649594,1135.337554,,684.6774537,70.65950136,0,,7.68832687,147.3619028,0.671960221,,,0.327743884,2042.712784,6236.333508,0.2,20.50301427,0.25,25.62876784,5.596473382
Forsyth,2043,,,6383.82473,1163.606203,,702.1566383,72.46337333,0,,7.884602773,151.1239164,0.689114746,,,0.322113879,2056.318547,6425.430032,0.2,21.12470148,0.25,26.40587685,5.633749443
Forsyth,2044,,,6535.427205,1191.974203,,719.7093602,74.27483443,0,,8.081704433,154.9017573,0.706341443,,,0.316729527,2069.962769,6615.112637,0.2,21.74831552,0.25,27.1853944,5.671130875
Forsyth,2045,,,6713.834615,1225.253601,,740.2465221,76.39429319,0,,8.312318737,159.3219339,0.726497146,,,0.31070462,2086.019436,6838.070345,0.2,22.48132716,0.25,28.10165895,5.715121743
Forsyth,2046,,,6890.914361,1258.37088,,760.7417796,78.50942735,0,,8.54246249,163.7330915,0.746611724,,,0.305033048,2101.956613,7059.602,0.2,23.20965041,0.25,29.01206302,5.758785242
Forsyth,2047,,,7071.35915,1292.121925,,781.6458492,80.6667514,0,,8.777196845,168.232237,0.76712752,,,0.2995459,2118.196644,7285.373593,0.2,23.95191318,0.25,29.93989148,5.803278478
Forsyth,2048,,,7256.126383,1326.685606,,803.0682491,82.87756773,0,,9.017751593,172.8429418,0.78815202,,,0.294210104,2134.825695,7516.580956,0.2,24.71204698,0.25,30.89005873,5.848837521
Forsyth,2049,,,7446.098448,1362.209183,,825.110553,85.15235886,0,,9.26526732,177.5870674,0.809784909,,,0.289000098,2151.923181,7754.309481,0.2,25.49362021,0.25,31.86702526,5.895679948
Forsyth,2050,,,7679.691602,1405.722048,,852.0389529,87.93140072,0,,9.567649615,183.3828187,0.836213139,,,0.282947113,2172.946565,8046.22412,0.2,26.45333957,0.25,33.06667447,5.95327826
Forsyth,2051,,,7876.083466,1448.684906,,878.4265955,90.65463581,0,,9.863959681,189.0621838,0.862110656,,,0.278135934,2190.621833,8303.016024,0.2,27.29758693,0.25,34.12198366,6.001703651
Forsyth,2052,,,8105.072065,1492.526274,,905.5594273,93.45477529,0,,10.16863757,194.9019346,0.888739522,,,0.272820623,2211.230807,8591.341047,0.2,28.24550481,0.25,35.30688102,6.058166594
Forsyth,2053,,,8334.582886,1536.5675,,932.8465381,96.27083654,0,,10.47504787,200.7748906,0.9155198,,,0.26778626,2231.886781,8880.546438,0.2,29.19631706,0.25,36.49539632,6.114758303
Forsyth,2054,,,8564.370025,1580.764082,,960.2611755,99.10005868,0,,10.78289019,206.675294,0.942425237,,,0.263016149,2252.567623,9170.328327,0.2,30.14902464,0.25,37.6862808,6.171418145
Forsyth,2055,,,8817.977411,1629.467417,,990.448507,102.215426,0,,11.12186743,213.1724593,0.972051867,,,0.258040158,2275.392288,9489.982852,0.2,31.19994362,0.25,38.99992953,6.233951473
Forsyth,2056,,,9072.031596,1678.369267,,1020.793298,105.3470434,0,,11.4626128,219.7035144,1.001833033,,,0.253334343,2298.257164,9810.452,0.2,32.25354082,0.25,40.31692603,6.296594971
Forsyth,2057,,,9326.327434,1727.432543,,1051.273265,108.4926111,0,,11.80487607,226.263663,1.031746863,,,0.248880795,2321.14379,10131.48235,0.2,33.30898306,0.25,41.63622883,6.359298054
Forsyth,2058,,,9580.984495,1776.680198,,1081.902632,111.653597,0,,12.14881698,232.8559669,1.061807319,,,0.244657835,2344.062925,10453.22459,0.2,34.36676577,0.25,42.95845721,6.422090206
Forsyth,2059,,,9835.938712,1826.101204,,1112.674952,114.8293358,0,,12.49436312,239.4790381,1.092008072,,,0.240648999,2367.008805,10775.60081,0.2,35.42663279,0.25,44.28329099,6.48495563
Forsyth,2060,,,10092.10382,1875.866228,,1143.69454,118.030593,0,,12.84268587,246.1553286,1.122451501,,,0.236825117,2390.063664,11099.75198,0.2,36.49233527,0.25,45.61541909,6.548119628
Forsyth,2061,,,10348.50997,1925.796225,,1174.852621,121.2461429,0,,13.19256378,252.8614267,1.15303085,,,0.233187215,2413.140218,11424.47177,0.2,37.55990717,0.25,46.94988397,6.611343064
Forsyth,2062,,,10605.17789,1975.89586,,1206.152297,124.4763054,0,,13.54403166,259.5979998,1.183749164,,,0.229721779,2436.24033,11749.7878,0.2,38.62943934,0.25,48.28679917,6.674631042
Forsyth,2063,,,10862.25625,2026.193695,,1237.611271,127.7229078,0,,13.89728834,266.3688586,1.214623818,,,0.226414966,2459.377383,12075.88751,0.2,39.70154799,0.25,49.62693498,6.738020229
Forsyth,2064,,,11119.65252,2076.673377,,1269.219842,130.9849487,0,,14.25222484,273.1719147,1.24564529,,,0.22325725,2482.543048,12402.65743,0.2,40.77586003,0.25,50.96982504,6.801487802
Forsyth,2065,,,11403.83324,2132.284483,,1304.005214,134.5748392,0,,14.64283404,280.6587081,1.279784557,,,0.219936513,2508.119312,12763.15979,0.2,41.96107328,0.25,52.45134161,6.87155976
Fulton,2020,"13,343","7,472",,"11,671",202,603,695,0,,129,150,,,,0.11,1517,"32,748",0.6,143.6,0.25,179.4,4.2
Fulton,2021,"13,537","7,579",,"11,843",205,612,706,0,,131,152,,,,0.11,1530,"33,234",0.6,145.7,0.25,182.1,4.2
Fulton,2022,"13,732","7,687",,"12,017",208,621,717,0,,133,154,,,,0.11,1545,"33,725",0.6,147.8,0.25,184.8,4.2
Fulton,2023,"13,931","7,798",,"12,195",211,631,728,0,,136,157,,,,0.11,1559,"34,227",0.6,150,0.25,187.5,4.3
Fulton,2024,"14,139","7,913",,"12,381",215,641,739,0,,138,159,,,,0.11,1574,"34,751",0.6,152.3,0.25,190.4,4.3
Fulton,2025,"14,343","8,026",,"12,565",218,650,750,0,,140,161,,,,0.11,1589,"35,265",0.6,154.6,0.25,193.2,4.4
Fulton,2026,"14,530","8,129",,"12,735",221,659,761,0,,142,164,,,,0.11,1602,"35,739",0.6,156.7,0.25,195.8,4.4
Fulton,2027,"14,712","8,230",,"12,901",224,668,771,0,,144,166,,,,0.11,1615,"36,202",0.6,158.7,0.25,198.4,4.4
Fulton,2028,"14,887","8,326",,"13,061",227,677,781,0,,145,168,,,,0.11,1628,"36,645",0.6,160.6,0.25,200.8,4.5
Fulton,2029,"15,055","8,419",,"13,216",230,685,791,0,,147,170,,,,0.11,1640,"37,073",0.6,162.5,0.25,203.1,4.5
Fulton,2030,"15,218","8,509",,"13,368",232,693,800,0,,149,172,,,,0.11,1652,"37,490",0.6,164.3,0.25,205.4,4.5
Fulton,2031,"15,367","8,590",,"13,507",235,701,809,0,,151,174,,,,0.11,1662,"37,871",0.6,166,0.25,207.5,4.6
Fulton,2032,"15,523","8,676",,"13,653",237,709,818,0,,152,176,,,,0.11,1673,"38,270",0.6,167.8,0.25,209.7,4.6
Fulton,2033,"15,681","8,763",,"13,798",240,716,827,0,,154,178,,,,0.11,1685,"38,672",0.6,169.5,0.25,211.9,4.6
Fulton,2034,"15,833","8,847",,"13,939",243,724,835,0,,156,180,,,,0.11,1696,"39,060",0.6,171.2,0.25,214,4.6
Fulton,2035,"15,968","8,920",,"14,063",245,731,843,0,,157,181,,,,0.11,1706,"39,403",0.6,172.7,0.25,215.9,4.7
Fulton,2036,"16,112","9,000",,"14,196",247,738,851,0,,159,183,,,,0.11,1716,"39,771",0.6,174.3,0.25,217.9,4.7
Fulton,2037,"16,249","9,075",,"14,322",250,745,859,0,,160,185,,,,0.11,1726,"40,119",0.6,175.9,0.25,219.8,4.7
Fulton,2038,"16,383","9,149",,"14,444",252,751,867,0,,161,186,,,,0.1,1735,"40,457",0.6,177.3,0.25,221.7,4.8
Fulton,2039,"16,514","9,220",,"14,563",254,758,874,0,,163,188,,,,0.1,1745,"40,789",0.6,178.8,0.25,223.5,4.8
Fulton,2040,"16,660","9,301",,"14,696",256,765,883,0,,164,190,,,,0.1,1755,"41,160",0.6,180.4,0.25,225.5,4.8
Fulton,2041,"16,808","9,382",,"14,830",259,772,891,0,,166,192,,,,0.1,1766,"41,534",0.6,182.1,0.25,227.6,4.8
Fulton,2042,"16,949","9,460",,"14,957",261,779,899,0,,167,193,,,,0.1,1776,"41,889",0.6,183.6,0.25,229.5,4.9
Fulton,2043,"17,091","9,538",,"15,087",263,786,907,0,,169,195,,,,0.1,1786,"42,250",0.6,185.2,0.25,231.5,4.9
Fulton,2044,"17,215","9,606",,"15,199",265,792,914,0,,170,197,,,,0.1,1795,"42,564",0.6,186.6,0.25,233.2,4.9
Fulton,2045,"17,323","9,666",,"15,297",267,798,920,0,,171,198,,,,0.1,1803,"42,837",0.6,187.8,0.25,234.7,4.9
Fulton,2046,"17,432","9,725",,"15,396",269,803,926,0,,173,199,,,,0.1,1811,"43,112",0.6,189,0.25,236.2,5
Fulton,2047,"17,540","9,784",,"15,495",271,808,933,0,,174,201,,,,0.1,1819,"43,388",0.6,190.2,0.25,237.7,5
Fulton,2048,"17,649","9,844",,"15,594",273,814,939,0,,175,202,,,,0.1,1827,"43,663",0.6,191.4,0.25,239.2,5
Fulton,2049,"17,758","9,903",,"15,694",275,819,945,0,,176,203,,,,0.1,1834,"43,940",0.6,192.6,0.25,240.8,5
Fulton,2050,"17,867","9,963",,"15,793",276,825,951,0,,177,205,,,,0.1,1842,"44,216",0.6,193.8,0.25,242.3,5
Fulton,2051,"17,944","10,002",,"15,886",278,830,958,0,,178,206,,,,0.1,1848,"44,435",0.6,194.8,0.25,243.5,5.1
Fulton,2052,"18,063","10,068",,"15,998",280,836,965,0,,180,208,,,,0.1,1856,"44,742",0.6,196.1,0.25,245.2,5.1
Fulton,2053,"18,179","10,130",,"16,107",282,842,972,0,,181,209,,,,0.1,1865,"45,037",0.6,197.4,0.25,246.8,5.1
Fulton,2054,"18,285","10,188",,"16,207",284,848,978,0,,182,210,,,,0.1,1872,"45,310",0.6,198.6,0.25,248.3,5.1
Fulton,2055,"18,391","10,246",,"16,308",286,853,985,0,,183,212,,,,0.1,1880,"45,583",0.6,199.8,0.25,249.8,5.2
Fulton,2056,"18,498","10,304",,"16,409",288,859,991,0,,185,213,,,,0.1,1888,"45,858",0.6,201,0.25,251.3,5.2
Fulton,2057,"18,602","10,360",,"16,507",290,864,997,0,,186,215,,,,0.1,1895,"46,125",0.6,202.2,0.25,252.7,5.2
Fulton,2058,"18,700","10,413",,"16,601",291,870,"1,003",0,,187,216,,,,0.1,1902,"46,380",0.6,203.3,0.25,254.1,5.2
Fulton,2059,"18,810","10,473",,"16,705",293,875,"1,010",0,,188,217,,,,0.1,1910,"46,662",0.6,204.5,0.25,255.7,5.2
Fulton,2060,"18,926","10,536",,"16,815",295,882,"1,017",0,,189,219,,,,0.1,1919,"46,961",0.6,205.9,0.25,257.3,5.3
Fulton,2061,"19,039","10,597",,"16,922",297,887,"1,024",0,,191,220,,,,0.1,1927,"47,251",0.6,207.1,0.25,258.9,5.3
Fulton,2062,"19,155","10,660",,"17,031",299,894,"1,031",0,,192,222,,,,0.1,1935,"47,548",0.6,208.4,0.25,260.5,5.3
Fulton,2063,"19,285","10,731",,"17,154",302,900,"1,039",0,,193,223,,,,0.1,1944,"47,883",0.6,209.9,0.25,262.4,5.3
Fulton,2064,"19,410","10,799",,"17,272",304,907,"1,046",0,,195,225,,,,0.1,1953,"48,206",0.6,211.3,0.25,264.1,5.4
Fulton,2065,"19,525","10,861",,"17,381",306,913,"1,053",0,,196,227,,,,0.1,1962,"48,500",0.6,212.6,0.25,265.8,5.4
Gwinnett,2020,13858.84034,3955.948288,,2585.90155,381.7680197,171.8201082,165.7733306,0,,1199.788562,,0.453453659,,,0.273496147,3790.339441,18529.95422,0.2,60.92039742,0.25,76.15049677,10.38449162
Gwinnett,2021,14119.22214,4031.397651,,2633.698702,389.2310315,175.1789424,169.0139591,0,,1223.242691,,0.462318021,,,0.269743342,3808.566166,18932.88127,0.2,62.24508909,0.25,77.80636137,10.43442785
Gwinnett,2022,14378.75147,4106.698918,,2681.647956,396.6961482,178.538724,172.2555016,0,,1246.703434,,0.471184884,,,0.266138074,3826.73322,19335.03012,0.2,63.56722231,0.25,79.45902788,10.4842006
Gwinnett,2023,14637.98932,4182.009636,,2729.765506,404.1781839,181.9061202,175.5043908,0,,1270.21735,,0.480071842,,,0.262664481,3844.879869,19737.17071,0.2,64.88932837,0.25,81.11166046,10.53391745
Gwinnett,2024,14890.36112,4255.463871,,2776.792885,411.4988694,185.2008985,178.6832176,0,,1293.224187,,0.488767153,,,0.259399075,3862.545896,20129.16792,0.2,66.17808633,0.25,82.72260791,10.58231752
Gwinnett,2025,15127.01603,4324.511761,,2821.065995,418.4083416,188.3106043,181.6834852,0,,1314.938698,,0.496974036,,,0.256436017,3879.111739,20497.32015,0.2,67.38844981,0.25,84.23556226,10.62770339
Gwinnett,2026,15363.88009,4393.704833,,2865.598153,425.3467826,191.4333481,184.6963318,0,,1336.744249,,0.505215327,,,0.253561744,3895.692223,20866.21678,0.2,68.60126065,0.25,85.75157581,10.67312938
Gwinnett,2027,15600.41198,4462.88362,,2910.243411,432.298027,194.5618541,187.7147379,0,,1358.590038,,0.513471826,,,0.250778599,3912.249455,21234.96768,0.2,69.81359239,0.25,87.26699049,10.71849166
Gwinnett,2028,15836.96261,4532.147327,,2955.035361,439.2715308,197.7003784,190.7428097,0,,1380.505781,,0.521754764,,,0.248078378,3928.808,21604.07956,0.2,71.02711087,0.25,88.78388859,10.76385753
Gwinnett,2029,16065.7315,4599.261963,,2998.574363,446.0505318,200.7513638,193.6864234,0,,1401.810258,,0.529806677,,,0.245542621,3944.821822,21961.57439,0.2,72.20243634,0.25,90.25304542,10.80773102
Gwinnett,2030,16296.05773,4666.89896,,3042.609626,452.8938021,203.8312746,196.6579444,0,,1423.316715,,0.537934927,,,0.243061526,3960.944658,22321.85933,0.2,73.38693478,0.25,91.73366848,10.85190317
Gwinnett,2031,16505.96974,4728.76991,,3082.939022,459.1917893,206.665773,199.3926898,0,,1443.109502,,0.545415504,,,0.240860644,3975.638499,22650.94534,0.2,74.4688614,0.25,93.08607675,10.89216027
Gwinnett,2032,16724.30032,4792.969277,,3124.682705,465.702672,209.5960881,202.2198797,0,,1463.571359,,0.553148954,,,0.238630111,3990.921639,22992.67381,0.2,75.59235224,0.25,94.4904403,10.93403189
Gwinnett,2033,16942.81166,4857.146797,,3166.289051,472.1998211,212.5202221,205.0411062,0,,1483.990055,,0.56086609,,,0.236455289,4006.217433,23334.34214,0.2,76.71564539,0.25,95.89455674,10.97593817
Gwinnett,2034,17160.73352,4921.089883,,3207.662763,478.6639156,215.4294795,207.8479795,0,,1504.30487,,0.568543966,,,0.234341496,4021.471963,23674.82899,0.2,77.83505422,0.25,97.29381778,11.01773141
Gwinnett,2035,17366.38544,4981.455552,,3246.609343,484.7708661,218.1779991,210.4997719,0,,1523.497282,,0.575797635,,,0.232395372,4035.867598,23996.10446,0.2,78.89130233,0.25,98.61412791,11.0571715
Gwinnett,2036,17583.73289,5045.127294,,3287.621079,491.1920651,221.0679507,213.2880189,0,,1543.677289,,0.583424561,,,0.230388049,4051.081919,24335.20809,0.2,80.00616359,0.25,100.0077045,11.09885457
Gwinnett,2037,17785.97511,5104.41944,,3325.706589,497.1798865,223.7628546,215.8880825,0,,1562.495313,,0.590536732,,,0.228564296,4065.238875,24650.77894,0.2,81.04365678,0.25,101.304571,11.13764075
Gwinnett,2038,17989.20092,5163.953382,,3363.876899,503.1851271,226.4655982,218.4957098,0,,1581.36808,,0.597669593,,,0.226772979,4079.464682,24967.67871,0.2,82.08551904,0.25,102.6068988,11.17661557
Gwinnett,2039,18199.40476,5225.456101,,3403.289726,509.3771084,229.2523872,221.1844247,0,,1600.82772,,0.60502426,,,0.224962245,4094.17895,25295.2183,0.2,83.16236154,0.25,103.9529519,11.21692863
Gwinnett,2040,18414.78389,5288.41631,,3443.548473,515.7070522,232.1012681,223.9330464,0,,1620.720937,,0.612542795,,,0.223149808,4109.255489,25630.56803,0.2,84.2648812,0.25,105.3311015,11.25823422
Gwinnett,2041,18627.73866,5350.661747,,3483.3014,521.9648892,234.9176964,226.6503575,0,,1640.387543,,0.619975683,,,0.221398979,4124.162323,25962.07995,0.2,85.35478339,0.25,106.6934792,11.29907486
Gwinnett,2042,18830.07247,5409.854889,,3521.047513,527.9258717,237.600521,229.2387669,0,,1659.12122,,0.627055976,,,0.219772159,4138.32569,26277.16262,0.2,86.39067162,0.25,107.9883395,11.3378786
Gwinnett,2043,19017.60963,5464.797715,,3556.007682,533.4733623,240.0972478,231.6476276,0,,1676.555409,,0.633645134,,,0.218295221,4151.453291,26569.36903,0.2,87.35135023,0.25,109.1891878,11.37384463
Gwinnett,2044,19198.42866,5517.812968,,3589.693291,538.8343264,242.5100257,233.9754939,0,,1693.403398,,0.640012742,,,0.216898513,4164.110623,26851.18755,0.2,88.27787688,0.25,110.3473461,11.40852225
Gwinnett,2045,19380.20376,5571.108658,,3623.556986,544.2247849,244.9360779,236.3161673,0,,1710.344079,,0.646415381,,,0.21552069,4176.83488,27134.50204,0.2,89.20932179,0.25,111.5116522,11.44338323
Gwinnett,2046,19557.61111,5623.169331,,3656.60208,549.4993726,247.3099808,238.6065267,0,,1726.920612,,0.652680393,,,0.21420067,4189.253394,27411.11829,0.2,90.11874508,0.25,112.6484313,11.47740656
Gwinnett,2047,19732.68513,5674.568935,,3689.207787,554.7121835,249.6560803,240.870061,0,,1743.302998,,0.658872028,,,0.21292128,4201.508576,27684.15347,0.2,91.01639496,0.25,113.7704937,11.5109824
Gwinnett,2048,19914.58773,5727.944575,,3723.10344,560.1214184,252.0905831,243.2188876,0,,1760.302688,,0.66529697,,,0.211615817,4214.241758,27967.79286,0.2,91.94890803,0.25,114.936135,11.54586783
Gwinnett,2049,20082.12484,5777.20231,,3754.33308,565.1315142,254.3454477,245.394398,0,,1776.047997,,0.671247825,,,0.210434373,4225.969355,28229.28148,0.2,92.80859664,0.25,116.0107458,11.57799823
Gwinnett,2050,20248.70898,5826.200906,,3785.391446,570.1199753,256.5905754,247.560514,0,,1791.725315,,0.677172983,,,0.209279034,4237.630245,28489.34464,0.2,93.66359882,0.25,117.0794985,11.60994588
Gwinnett,2051,20373.42431,5867.715539,,3809.960091,575.033743,258.8020861,249.6941962,0,,1807.167893,,0.683009423,,,0.208426441,4246.360319,28696.12055,0.2,94.34341002,0.25,117.9292625,11.63386389
Gwinnett,2052,20544.31519,5918.626754,,3842.12204,580.3056386,261.1747775,251.9833866,0,,1823.735965,,0.689271237,,,0.207274988,4258.32268,28964.63034,0.2,95.22618194,0.25,119.0327274,11.66663748
Gwinnett,2053,20717.15514,5970.130452,,3874.652234,585.640794,263.5759398,254.300046,0,,1840.502845,,0.695608189,,,0.206129724,4270.421476,29236.23158,0.2,96.11911752,0.25,120.1488969,11.69978487
Gwinnett,2054,20890.98293,6021.950107,,3907.370955,591.0121626,265.9934004,256.6324301,0,,1857.383532,,0.701988155,,,0.204997028,4282.589422,29509.43808,0.2,97.01733067,0.25,121.2716633,11.7331217
Gwinnett,2055,21059.10324,6072.155519,,3939.025908,596.2302693,268.3418833,258.8982641,0,,1873.782561,,0.70818608,,,0.203919312,4294.357844,29773.88799,0.2,97.88675504,0.25,122.3584438,11.76536396
Gwinnett,2056,21235.58127,6124.802044,,3972.24791,601.6932831,270.80059,261.2704428,0,,1890.951263,,0.714674899,,,0.202806377,4306.711306,30051.35017,0.2,98.79895947,0.25,123.4986993,11.79920906
Gwinnett,2057,21421.13554,6180.099138,,4007.171634,607.4221495,273.3789475,263.7580615,0,,1908.955465,,0.72147949,,,0.201655981,4319.700104,30342.94231,0.2,99.75761855,0.25,124.6970232,11.83479481
Gwinnett,2058,21599.55204,6233.369971,,4040.764107,612.957363,275.8701488,266.1615912,0,,1926.35107,,0.728054066,,,0.200568477,4332.18926,30623.56508,0.2,100.680214,0.25,125.8502675,11.86901167
Gwinnett,2059,21761.03762,6281.785837,,4071.192957,618.0203434,278.1488149,268.3600654,0,,1942.262581,,0.734067736,,,0.199599547,4343.493251,30878.04904,0.2,101.5168736,0.25,126.8960919,11.89998151
Gwinnett,2060,21920.33049,6329.598299,,4101.215147,623.0288832,280.4029793,270.5349001,0,,1958.003001,,0.740016744,,,0.19865776,4354.643751,31129.20997,0.2,102.3426081,0.25,127.9282601,11.93053083
Gwinnett,2061,22083.66221,6378.60679,,4131.996585,628.1601095,282.7123604,272.7630083,0,,1974.128989,,0.746111474,,,0.197706202,4366.076971,31386.69919,0.2,103.189148,0.25,128.986435,11.96185472
Gwinnett,2062,22249.34573,6428.32497,,4163.221729,633.3662844,285.0554732,275.0236611,0,,1990.490519,,0.752295227,,,0.196755216,4377.674818,31647.90584,0.2,104.0479096,0.25,130.059887,11.99362964
Gwinnett,2063,22417.1489,6478.686407,,4194.847215,638.6409696,287.42942,277.3140628,0,,2007.067358,,0.758560355,,,0.195806392,4389.42104,31912.47185,0.2,104.9177157,0.25,131.1471446,12.02581107
Gwinnett,2064,22577.3081,6526.869144,,4225.045983,643.705953,289.7089876,279.5134068,0,,2022.985164,,0.764576404,,,0.194913945,4400.632184,32165.26913,0.2,105.74883,0.25,132.1860375,12.05652653
Gwinnett,2065,22729.43502,6572.759038,,4253.745141,648.5496636,291.8889682,281.6166684,0,,2038.207572,,0.770329632,,,0.194077902,4411.281069,32405.69134,0.2,106.5392592,0.25,133.174074,12.08570156
Hall,2020,2213.734815,428.548951,,580.3584215,,1779.367569,,0,,5.819768251,257.1598302,0.2454118,,,0.750550297,1854.53071,3410.704056,0.3,12.14771308,0.25,15.18464135,5.080906055
Hall,2021,2247.775899,435.5576883,,589.9446891,,1836.269964,,0,,5.918262973,261.2758875,0.24956519,,,0.750541928,1883.148566,3493.84339,0.3,12.44382577,0.25,15.55478221,5.15931114
Hall,2022,2281.117396,442.4501193,,599.4033372,,1893.22661,,0,,6.015379478,265.3012572,0.253660462,,,0.750533976,1911.173716,3576.594044,0.3,12.73855413,0.25,15.92319266,5.236092373
Hall,2023,2315.476112,449.5620147,,609.1730209,,1950.535501,,0,,6.115701316,269.4385566,0.257890899,,,0.750526024,1940.045727,3660.51307,0.3,13.03744381,0.25,16.29680476,5.315193774
Hall,2024,2348.690448,456.473439,,618.6989856,,2008.568647,,0,,6.213513576,273.4362407,0.262015511,,,0.750518559,1967.954743,3744.388547,0.3,13.33617838,0.25,16.67022298,5.39165683
Hall,2025,2380.257976,463.0867824,,627.8427875,,2066.978296,,0,,6.307486991,277.2366239,0.265978243,,,0.750511657,1994.480676,3827.495255,0.3,13.63217488,0.25,17.0402186,5.464330619
Hall,2026,2409.659464,469.300129,,636.4670547,,2125.67157,,0,,6.396225897,280.77939,0.269720243,,,0.750505392,2019.188867,3909.354687,0.3,13.92372902,0.25,17.40466128,5.532024292
Hall,2027,2438.127093,475.3534206,,644.8931846,,2185.312415,,0,,6.482999751,284.2090725,0.27337938,,,0.75049947,2043.111851,3991.539715,0.3,14.21644282,0.25,17.77055352,5.597566714
Hall,2028,2464.776992,481.0724469,,652.8888216,,2245.365381,,0,,6.56541818,287.4216571,0.276854854,,,0.750494051,2065.508713,4072.858858,0.3,14.50607265,0.25,18.13259081,5.658927981
Hall,2029,2490.214999,486.5755845,,660.614419,,2305.89444,,0,,6.645097417,290.4888607,0.280214821,,,0.750488986,2086.887621,4153.825994,0.3,14.79444875,0.25,18.49306093,5.717500331
Hall,2030,2515.935267,492.1529483,,668.4621201,,2368.275925,,0,,6.725985618,293.5837739,0.283625767,,,0.750483971,2108.499007,4236.920639,0.3,15.09040227,0.25,18.86300284,5.776709607
Hall,2031,2538.349496,497.0962727,,675.466231,,2429.207075,,0,,6.798353269,296.282314,0.286677414,,,0.750479684,2127.333584,4316.152836,0.3,15.37259914,0.25,19.21574893,5.828311188
Hall,2032,2563.931406,502.6216507,,683.2335688,,2491.493523,,0,,6.878403592,299.3343706,0.290053028,,,0.750474887,2148.809059,4398.973918,0.3,15.66757834,0.25,19.58447292,5.887148107
Hall,2033,2591.305146,508.4664786,,691.4117957,,2555.307089,,0,,6.962592691,302.5829958,0.293603169,,,0.750469861,2171.775832,4484.553868,0.3,15.97238364,0.25,19.96547955,5.950070774
Hall,2034,2619.48764,514.4429182,,699.74696,,2617.637569,,0,,7.048383367,305.915946,0.297220847,,,0.7504648,2195.412415,4569.164221,0.3,16.27373558,0.25,20.34216948,6.014828536
Hall,2035,2645.715186,520.01155,,707.5088168,,2678.49135,,0,,7.128406935,309.0122019,0.300595333,,,0.750460187,2217.405267,4650.76284,0.3,16.5643608,0.25,20.705451,6.075082924
Hall,2036,2674.563776,526.0751041,,715.9270991,,2741.038732,,0,,7.21506096,312.4081615,0.304249417,,,0.750455219,2241.588679,4735.943503,0.3,16.86774399,0.25,21.08467998,6.141338847
Hall,2037,2701.582153,531.7610485,,723.8171883,,2802.285867,,0,,7.296400488,315.5849699,0.307679395,,,0.750450663,2264.235068,4818.400238,0.3,17.1614255,0.25,21.45178188,6.203383749
Hall,2038,2728.876518,537.4863548,,731.7483776,,2863.529952,,0,,7.378163603,318.7901077,0.311127236,,,0.750446153,2287.109695,4901.010905,0.3,17.45565528,0.25,21.8195691,6.26605396
Hall,2039,2758.708583,543.6990191,,740.3317959,,2925.895339,,0,,7.466519115,322.2886515,0.314853069,,,0.750441327,2312.107652,4986.597108,0.3,17.76048285,0.25,22.20060356,6.334541512
Hall,2040,2789.145562,550.0210974,,749.0512683,,2989.54058,,0,,7.556300452,325.8559117,0.318639027,,,0.750436509,2337.610832,5073.878527,0.3,18.07134818,0.25,22.58918522,6.404413237
Hall,2041,2820.094533,556.4360518,,757.887736,,3052.842435,,0,,7.647294192,329.4815378,0.322476111,,,0.750431717,2363.541779,5161.170284,0.3,18.38225033,0.25,22.97781291,6.47545693
Hall,2042,2848.939932,562.4347945,,766.1584475,,3115.594172,,0,,7.732556553,332.8619238,0.32607151,,,0.750427345,2387.711118,5246.33678,0.3,18.68558305,0.25,23.35697881,6.541674296
Hall,2043,2877.315271,568.3412006,,774.2985782,,3178.080451,,0,,7.816551511,336.1887517,0.329613464,,,0.750423129,2411.487744,5330.882674,0.3,18.98670541,0.25,23.73338177,6.606815736
Hall,2044,2906.443175,574.3984611,,782.6430465,,3240.296539,,0,,7.902638107,339.6055999,0.33324362,,,0.750418887,2435.896307,5415.726396,0.3,19.28888853,0.25,24.11111067,6.673688514
Hall,2045,2937.162249,580.7733523,,791.421551,,3302.678594,,0,,7.993120165,343.2103095,0.337059127,,,0.750414504,2461.639145,5501.93709,0.3,19.59594032,0.25,24.4949254,6.744216836
Hall,2046,2967.416186,587.0608191,,800.0839528,,3364.682403,,0,,8.082436506,346.7630239,0.340825477,,,0.750410275,2486.994134,5587.435514,0.3,19.90045525,0.25,24.87556907,6.813682559
Hall,2047,2997.210776,593.2627344,,808.6305011,,3427.265789,,0,,8.170619394,350.2644975,0.344544031,,,0.750406195,2511.966181,5673.18328,0.3,20.20585826,0.25,25.25732282,6.882099127
Hall,2048,3026.371548,599.3453126,,817.0186053,,3490.439661,,0,,8.257210219,353.6944951,0.348195449,,,0.750402278,2536.409258,5759.065769,0.3,20.5117411,0.25,25.63967637,6.949066461
Hall,2049,3055.834101,605.4952356,,825.5004308,,3553.799661,,0,,8.344793166,357.1631175,0.351888704,,,0.750398397,2561.10764,5845.381587,0.3,20.8191673,0.25,26.02395912,7.01673326
Hall,2050,3084.753617,611.5454398,,833.8508664,,3616.780852,,0,,8.431069247,360.571316,0.355526851,,,0.750394658,2585.353426,5930.935262,0.3,21.12387901,0.25,26.40484877,7.083160072
Hall,2051,3102.768735,616.8894374,,842.0563337,,3680.36803,,0,,8.518919128,363.1145871,0.359231362,,,0.750392317,2600.772218,6013.303056,0.3,21.41724376,0.25,26.7715547,7.125403336
Hall,2052,3133.311055,623.4787285,,851.2617787,,3746.954219,,0,,8.614371691,366.7566601,0.363256468,,,0.750388486,2626.410512,6104.329557,0.3,21.74144774,0.25,27.17680967,7.19564524
Hall,2053,3165.743382,630.4558994,,861.0016255,,3813.858016,,0,,8.715285117,370.621506,0.367511852,,,0.750384498,2653.633392,6197.129833,0.3,22.07196927,0.25,27.58996159,7.270228472
Hall,2054,3197.766236,637.3636155,,870.6515478,,3881.079422,,0,,8.815342523,374.4399982,0.371731138,,,0.75038064,2680.514402,6289.973491,0.3,22.40264531,0.25,28.00330664,7.343875073
Hall,2055,3229.207838,644.1674554,,880.1644505,,3948.618436,,0,,8.914066252,378.1919985,0.375894185,,,0.750376927,2706.909604,6382.730536,0.3,22.73301287,0.25,28.41626608,7.416190695
Hall,2056,3261.024299,651.0580632,,889.8007885,,4016.47506,,0,,9.014093751,381.9894719,0.38011221,,,0.750373242,2733.620055,6476.121834,0.3,23.06563941,0.25,28.83204926,7.489370013
Hall,2057,3292.197897,657.8323187,,899.2829846,,4084.649292,,0,,9.112613333,385.7132132,0.384266648,,,0.750369701,2759.793059,6569.379527,0.3,23.3977901,0.25,29.24723762,7.561076874
Hall,2058,3324.765228,664.8972331,,909.1674667,,4153.141133,,0,,9.215263692,389.6018386,0.388595276,,,0.750366072,2787.135026,6664.041732,0.3,23.73494316,0.25,29.66867895,7.635986373
Hall,2059,3358.108074,672.1298208,,919.2863297,,4221.950583,,0,,9.320345842,393.582989,0.393026449,,,0.75036243,2815.128024,6759.643145,0.3,24.07544134,0.25,30.09430167,7.712679517
Hall,2060,3392.805299,679.6464829,,929.7989969,,4291.077642,,0,,9.429478534,397.7245802,0.397628427,,,0.750358717,2844.257135,6856.622972,0.3,24.42084894,0.25,30.52606118,7.792485302
Hall,2061,3428.715944,687.4196978,,940.6681072,,4360.522309,,0,,9.542286056,402.0101821,0.402385369,,,0.750354953,2874.404321,6954.876591,0.3,24.77079334,0.25,30.96349167,7.87508033
Hall,2062,3465.104563,695.3025638,,951.6928608,,4430.284585,,0,,9.656733893,406.3536368,0.40721148,,,0.750351218,2904.953376,7053.848779,0.3,25.12329702,0.25,31.40412128,7.958776374
Hall,2063,3500.825066,703.0652131,,962.5586697,,4500.36447,,0,,9.76963042,410.6205555,0.411972175,,,0.750347628,2934.943943,7152.671635,0.3,25.47526884,0.25,31.84408605,8.040942309
Hall,2064,3535.977824,710.7275359,,973.2926575,,4570.761964,,0,,9.881249747,414.8226762,0.416679012,,,0.750344165,2964.460101,7251.420485,0.3,25.82697707,0.25,32.28372134,8.121808497
Hall,2065,3571.893051,718.5568972,,984.2609592,,4641.477067,,0,,9.99530899,419.1160519,0.421488737,,,0.750340697,2994.616554,7351.10427,0.3,26.18201521,0.25,32.72751901,8.204428914
Henry,2020,3662.754106,756.5326935,,499.0016435,,117.6258695,7.889688548,0,,124.4382421,171.2753493,0.494365905,,,0.577560092,2214.382404,3125.629554,0.15,9.847873936,0.25,12.30984242,6.066801108
Henry,2021,3719.289577,768.5980161,,507.0256356,,119.5719317,8.020219572,0,,126.4970117,174.1090158,0.502544946,,,0.571031113,2223.25173,3200.362222,0.15,10.08333303,0.25,12.60416629,6.09110063
Henry,2022,3779.834516,781.5219147,,515.6439795,,121.6573988,8.160101095,0,,128.7032598,177.1456701,0.511309887,,,0.563890748,2231.304517,3281.873634,0.15,10.34014981,0.25,12.92518726,6.113163059
Henry,2023,3841.428044,794.6920971,,524.4549464,,123.7869795,8.302941516,0,,130.9561765,180.2465584,0.520260232,,,0.556680457,2238.787656,3365.600348,0.15,10.6039463,0.25,13.25493288,6.13366481
Henry,2024,3900.777818,807.4341389,,533.0043627,,125.8568039,8.44177381,0,,133.145876,183.2604353,0.528959429,,,0.54998878,2246.175217,3446.27495,0.15,10.85812656,0.25,13.57265819,6.153904704
Henry,2025,3956.915882,819.5379407,,541.1487399,,127.8324811,8.574291238,0,,135.2359757,186.1372243,0.537262938,,,0.543906336,2253.432834,3522.486964,0.15,11.0982466,0.25,13.87280825,6.173788587
Henry,2026,4012.765616,831.6089247,,549.2922176,,129.8084509,8.706828296,0,,137.326385,189.0144393,0.545567677,,,0.537532244,2258.592263,3600.476167,0.15,11.34396601,0.25,14.17995751,6.187924008
Henry,2027,4068.606799,843.7029673,,557.4686012,,131.7930919,8.839946965,0,,139.4259676,191.9042805,0.553908859,,,0.531022256,2262.426207,3679.869357,0.15,11.59410893,0.25,14.49263617,6.198427964
Henry,2028,4124.997284,855.9353919,,565.7520091,,133.8043762,8.974852719,0,,141.5537367,194.832917,0.56236202,,,0.5242145,2264.51763,3761.8953,0.15,11.85254684,0.25,14.81568354,6.20415789
Henry,2029,4183.255487,868.5798256,,574.3255999,,135.8851125,9.11441693,0,,143.7549801,197.8626829,0.571107078,,,0.516958872,2264.857908,3848.491304,0.15,12.12538356,0.25,15.15672945,6.20509016
Henry,2030,4240.024987,880.939414,,582.7334136,,137.9263132,9.25132931,0,,145.9143981,200.8348808,0.579685973,,,0.509965057,2264.683357,3933.521065,0.15,12.39328555,0.25,15.49160693,6.204611937
Henry,2031,4293.521187,892.6457159,,590.7266577,,139.8707249,9.38174962,0,,147.9714216,203.6661439,0.587858077,,,0.503076586,2262.429648,4015.941811,0.15,12.65296735,0.25,15.81620919,6.198437392
Henry,2032,4351.479453,905.2494247,,599.2865913,,141.9507989,9.521269411,0,,150.1719644,206.6949454,0.596600352,,,0.496180817,2261.678699,4103.272349,0.15,12.92811836,0.25,16.16014795,6.196379997
Henry,2033,4411.908264,918.3412111,,608.1412999,,144.1031517,9.665637252,0,,152.4489719,209.8289921,0.605646405,,,0.489589828,2262.755549,4192.287625,0.15,13.20857745,0.25,16.51072181,6.199330272
Henry,2034,4469.831966,930.8888756,,616.6172009,,146.1663576,9.804025615,0,,154.6316696,212.8332318,0.614317785,,,0.4832025,2262.675531,4278.712114,0.15,13.48087378,0.25,16.85109223,6.199111043
Henry,2035,4525.596535,942.9666328,,624.7581791,,148.1523788,9.937236867,0,,156.7327125,215.7250828,0.622664769,,,0.477017109,2261.691533,4362.799889,0.15,13.74580787,0.25,17.18225984,6.19641516
Henry,2036,4584.656551,955.7172409,,633.3268271,,150.2418383,10.07738617,0,,158.9431842,218.7675504,0.631446489,,,0.470502978,2260.025342,4452.336682,0.15,14.0279101,0.25,17.53488762,6.191850252
Henry,2037,4641.553069,968.0016897,,641.5708669,,152.255445,10.2124477,0,,161.0734101,221.6995686,0.639909411,,,0.463711337,2255.145385,4541.861022,0.15,14.30997308,0.25,17.88746635,6.178480506
Henry,2038,4700.768104,980.7567923,,650.1140001,,154.3408848,10.3523274,0,,163.2796294,224.7361832,0.648674237,,,0.456414099,2248.069602,4636.926994,0.15,14.60949601,0.25,18.26187001,6.159094799
Henry,2039,4761.976783,993.9173881,,658.9144729,,156.4883556,10.49636778,0,,165.5514723,227.8631212,0.657699772,,,0.448835317,2239.616374,4736.249287,0.15,14.92242926,0.25,18.65303658,6.13593527
Henry,2040,4825.959471,1007.648736,,668.0781989,,158.7242928,10.64634201,0,,167.9169052,231.1188756,0.667097119,,,0.440955747,2229.947762,4840.812156,0.15,15.25187392,0.25,19.0648424,6.109445922
Henry,2041,4889.651913,1021.318749,,677.1913402,,160.9505584,10.79566751,0,,170.2721063,234.360547,0.676453818,,,0.433084987,2219.132871,4946.084464,0.15,15.58355379,0.25,19.47944224,6.079816085
Henry,2042,4950.080503,1034.309376,,685.8518645,,163.0701368,10.93783703,0,,172.5144413,237.4468708,0.685362124,,,0.425435078,2206.956111,5047.94028,0.15,15.90446937,0.25,19.88058672,6.046455099
Henry,2043,5007.018833,1046.573855,,694.0297278,,165.0757477,11.07236225,0,,174.6362084,240.3672464,0.69379144,,,0.418048953,2193.664256,5145.803517,0.15,16.2128056,0.25,20.266007,6.010039057
Henry,2044,5061.74047,1058.378884,,701.8997955,,167.0095445,11.20207057,0,,176.6820022,243.1830532,0.701918932,,,0.410802444,2179.275547,5241.522192,0.15,16.51438499,0.25,20.64298124,5.970617938
Henry,2045,5116.251395,1070.144619,,709.7471913,,168.9379611,11.33141802,0,,178.7221042,245.9910258,0.71002381,,,0.403551961,2163.943443,5337.892296,0.15,16.81801682,0.25,21.02252103,5.928612172
Henry,2046,5171.402266,1082.058545,,717.6943255,,170.8923976,11.46251074,0,,180.789733,248.8368861,0.718238047,,,0.396088787,2146.895948,5436.958953,0.15,17.13014465,0.25,21.41268081,5.881906708
Henry,2047,5225.886807,1093.839237,,725.5534318,,172.8269017,11.59226651,0,,182.8362751,251.6537228,0.726368511,,,0.388662971,2128.917176,5535.997835,0.15,17.44218496,0.25,21.8027312,5.832649798
Henry,2048,5282.183114,1106.006221,,733.6734017,,174.8237208,11.72620202,0,,184.9487412,254.5612966,0.734760876,,,0.381075765,2109.919115,5638.738344,0.15,17.76588793,0.25,22.20735992,5.780600314
Henry,2049,5338.86941,1118.262808,,741.854969,,176.8361561,11.86118497,0,,187.0777278,257.4916091,0.743218875,,,0.373402941,2089.697663,5743.29942,0.15,18.09532694,0.25,22.61915868,5.725199075
Henry,2050,5395.414092,1130.498341,,750.0247703,,178.8468473,11.99605095,0,,189.2048694,254.8028895,0.768238218,,,0.365631202,2065.895626,5845.660473,0.15,18.41783437,0.25,23.02229296,5.659988016
Henry,2051,5441.60313,1141.914015,,758.5183782,,180.9657069,12.13817225,0,,191.446444,262.7713646,0.76273805,,,0.362159888,2065.895626,5924.224323,0.15,18.66536431,0.25,23.33170538,5.659988016
Henry,2052,5505.936331,1155.993644,,768.035427,,183.306588,12.29518553,0,,193.9228987,266.1356247,0.772707158,,,0.357912313,2065.895626,6020.502782,0.15,18.96870739,0.25,23.71088424,5.659988016
Henry,2053,5567.188838,1169.440975,,777.1364998,,185.5499478,12.44565762,0,,196.2961841,269.3574267,0.782267744,,,0.35395858,2065.895626,6112.302171,0.15,19.25793835,0.25,24.07242294,5.659988016
Henry,2054,5629.336123,1183.090586,,786.3760604,,187.8281091,12.598464,0,,198.7062864,272.62889,0.791977585,,,0.350035221,2065.895626,6205.460871,0.15,19.55145206,0.25,24.43931507,5.659988016
Henry,2055,5691.308493,1196.717881,,795.6048876,,190.1054564,12.75121577,0,,201.1155276,275.8983066,0.801686547,,,0.34620815,2065.895626,6298.407829,0.15,19.84429864,0.25,24.8053733,5.659988016
Henry,2056,5756.390938,1211.013942,,805.2825234,,192.4918359,12.91128083,0,,203.6401158,279.3250749,0.811857918,,,0.342278467,2065.895626,6395.971943,0.15,20.15169242,0.25,25.18961553,5.659988016
Henry,2057,5818.5611,1224.7122,,814.5668573,,194.7860012,13.06516066,0,,206.0671489,282.6171418,0.821642986,,,0.338606011,2065.895626,6489.301627,0.15,20.44574485,0.25,25.55718107,5.659988016
Henry,2058,5884.404354,1239.198591,,824.3796363,,197.2083462,13.22763808,0,,208.6297855,286.0942904,0.831971382,,,0.334802055,2065.895626,6588.078986,0.15,20.75696119,0.25,25.94620149,5.659988016
Henry,2059,5950.411787,1253.735022,,834.2300841,,199.6415701,13.3908452,0,,211.2039311,289.586299,0.842348395,,,0.331073118,2065.895626,6687.146261,0.15,21.06909096,0.25,26.3363637,5.659988016
Henry,2060,6015.296604,1268.050336,,843.9377641,,202.0424883,13.55188542,0,,213.7438998,293.0305287,0.852591809,,,0.327487079,2065.895626,6784.610473,0.15,21.37616998,0.25,26.72021248,5.659988016
Henry,2061,6081.916737,1282.746995,,853.9036371,,204.5070921,13.71719733,0,,216.3512426,296.5662002,0.863106693,,,0.323885107,2065.895626,6884.676582,0.15,21.69144677,0.25,27.11430846,5.659988016
Henry,2062,6150.457637,1297.864742,,864.1543393,,207.0418368,13.8872139,0,,219.0327887,300.2026372,0.873920404,,,0.320261111,2065.895626,6987.619489,0.15,22.01578743,0.25,27.51973429,5.659988016
Henry,2063,6214.923016,1312.138275,,873.8474037,,209.4448801,14.04839666,0,,221.5750056,303.6471742,0.884180972,,,0.316924658,2065.895626,7084.612706,0.15,22.3213825,0.25,27.90172812,5.659988016
Henry,2064,6282.878278,1327.164404,,884.0461354,,211.9710222,14.21783621,0,,224.2474507,307.26924,0.894963968,,,0.313482455,2065.895626,7186.793705,0.15,22.64332263,0.25,28.30415329,5.659988016
Henry,2065,6348.475345,1341.708362,,893.9281914,,214.4231532,14.38231151,0,,226.8415984,310.7830752,0.905437272,,,0.310229082,2065.895626,7285.551848,0.15,22.95447843,0.25,28.69309803,5.659988016
Paulding,2020,"2,341",207,,348,,,217,0,,,48,0,,,0.72,1721,"1,441",0.2,4.7,0.25,5.9,4.7
Paulding,2021,"2,382",210,,354,,,221,0,,,49,0,,,0.7,1723,"1,494",0.2,4.9,0.25,6.1,4.7
Paulding,2022,"2,421",213,,360,,,225,0,,,50,0,,,0.69,1725,"1,545",0.2,5.1,0.25,6.4,4.7
Paulding,2023,"2,458",217,,366,,,229,0,,,51,0,,,0.68,1726,"1,595",0.2,5.2,0.25,6.6,4.7
Paulding,2024,"2,495",220,,372,,,232,0,,,52,0,,,0.67,1728,"1,644",0.2,5.4,0.25,6.8,4.7
Paulding,2025,"2,559",226,,382,,,239,0,,,53,0,,,0.66,1732,"1,728",0.2,5.7,0.25,7.1,4.7
Paulding,2026,"2,622",231,,392,,,245,0,,,55,0,,,0.64,1735,"1,810",0.2,6,0.25,7.4,4.8
Paulding,2027,"2,685",237,,402,,,251,0,,,56,1,,,0.63,1738,"1,893",0.2,6.2,0.25,7.8,4.8
Paulding,2028,"2,747",242,,411,,,257,0,,,57,1,,,0.61,1741,"1,975",0.2,6.5,0.25,8.1,4.8
Paulding,2029,"2,808",247,,421,,,263,0,,,59,1,,,0.6,1744,"2,056",0.2,6.8,0.25,8.4,4.8
Paulding,2030,"2,853",251,,428,,,268,0,,,60,1,,,0.59,1746,"2,115",0.2,7,0.25,8.7,4.8
Paulding,2031,"2,896",255,,435,,,272,0,,,61,1,,,0.58,1748,"2,172",0.2,7.1,0.25,8.9,4.8
Paulding,2032,"2,940",259,,443,,,277,0,,,62,1,,,0.57,1751,"2,230",0.2,7.3,0.25,9.2,4.8
Paulding,2033,"2,987",263,,450,,,282,0,,,63,1,,,0.57,1753,"2,292",0.2,7.5,0.25,9.4,4.8
Paulding,2034,"3,032",267,,457,,,287,0,,,64,1,,,0.56,1755,"2,352",0.2,7.7,0.25,9.7,4.8
Paulding,2035,"3,094",272,,467,,,293,0,,,65,1,,,0.55,1758,"2,434",0.2,8,0.25,10,4.8
Paulding,2036,"3,158",278,,477,,,299,0,,,67,1,,,0.54,1761,"2,519",0.2,8.3,0.25,10.4,4.8
Paulding,2037,"3,221",283,,487,,,305,0,,,68,1,,,0.53,1765,"2,602",0.2,8.6,0.25,10.7,4.8
Paulding,2038,"3,284",289,,497,,,312,0,,,70,1,,,0.52,1768,"2,685",0.2,8.8,0.25,11,4.8
Paulding,2039,"3,349",295,,507,,,318,0,,,71,1,,,0.51,1771,"2,770",0.2,9.1,0.25,11.4,4.9
Paulding,2040,"3,421",301,,518,,,325,0,,,73,1,,,0.5,1775,"2,865",0.2,9.4,0.25,11.8,4.9
Paulding,2041,"3,493",307,,530,,,333,0,,,74,1,,,0.49,1778,"2,959",0.2,9.7,0.25,12.2,4.9
Paulding,2042,"3,564",313,,541,,,340,0,,,76,1,,,0.48,1782,"3,052",0.2,10,0.25,12.5,4.9
Paulding,2043,"3,634",320,,552,,,347,0,,,77,1,,,0.47,1785,"3,145",0.2,10.3,0.25,12.9,4.9
Paulding,2044,"3,704",326,,562,,,354,0,,,79,1,,,0.46,1789,"3,237",0.2,10.6,0.25,13.3,4.9
Paulding,2045,"3,778",332,,574,,,361,0,,,81,1,,,0.45,1792,"3,334",0.2,11,0.25,13.7,4.9
Paulding,2046,"3,851",338,,585,,,368,0,,,82,1,,,0.45,1796,"3,430",0.2,11.3,0.25,14.1,4.9
Paulding,2047,"3,924",345,,597,,,375,0,,,84,1,,,0.44,1800,"3,525",0.2,11.6,0.25,14.5,4.9
Paulding,2048,"3,997",351,,608,,,383,0,,,85,1,,,0.43,1803,"3,622",0.2,11.9,0.25,14.9,4.9
Paulding,2049,"4,070",358,,620,,,390,0,,,87,1,,,0.42,1807,"3,718",0.2,12.2,0.25,15.3,5
Paulding,2050,"4,146",364,,632,,,398,0,,,89,1,,,0.42,1811,"3,819",0.2,12.6,0.25,15.7,5
Paulding,2051,"4,211",370,,643,,,406,0,,,91,1,,,0.41,1814,"3,907",0.2,12.8,0.25,16.1,5
Paulding,2052,"4,289",377,,656,,,413,0,,,92,1,,,0.4,1818,"4,010",0.2,13.2,0.25,16.5,5
Paulding,2053,"4,366",383,,668,,,421,0,,,94,1,,,0.4,1822,"4,112",0.2,13.5,0.25,16.9,5
Paulding,2054,"4,443",390,,681,,,429,0,,,96,1,,,0.39,1826,"4,214",0.2,13.9,0.25,17.3,5
Paulding,2055,"4,524",397,,694,,,438,0,,,98,1,,,0.38,1830,"4,321",0.2,14.2,0.25,17.8,5
Paulding,2056,"4,605",404,,707,,,446,0,,,100,1,,,0.38,1834,"4,428",0.2,14.6,0.25,18.2,5
Paulding,2057,"4,685",411,,720,,,455,0,,,101,1,,,0.37,1838,"4,535",0.2,14.9,0.25,18.6,5
Paulding,2058,"4,765",418,,733,,,463,0,,,103,1,,,0.36,1842,"4,642",0.2,15.3,0.25,19.1,5
Paulding,2059,"4,845",425,,746,,,471,0,,,105,1,,,0.36,1846,"4,747",0.2,15.6,0.25,19.5,5.1
Paulding,2060,"4,925",432,,759,,,480,0,,,107,1,,,0.35,1850,"4,853",0.2,16,0.25,19.9,5.1
Paulding,2061,"5,004",439,,771,,,488,0,,,109,1,,,0.35,1854,"4,958",0.2,16.3,0.25,20.4,5.1
Paulding,2062,"5,083",446,,784,,,496,0,,,111,1,,,0.34,1858,"5,063",0.2,16.6,0.25,20.8,5.1
Paulding,2063,"5,162",453,,797,,,505,0,,,113,1,,,0.34,1862,"5,168",0.2,17,0.25,21.2,5.1
Paulding,2064,"5,240",459,,810,,,513,0,,,114,1,,,0.33,1866,"5,272",0.2,17.3,0.25,21.7,5.1
Paulding,2065,"5,335",468,,825,,,523,0,,,117,1,,,0.33,1870,"5,398",0.2,17.7,0.25,22.2,5.1
Rockdale,2020,1625.342833,184.8769439,,441.6041088,54.50242492,79.68722979,,0,,311.130918,129.5066272,0.539581455,,,0.597210798,970.6722902,1856.518377,0.3,6.612257233,0.25,8.265321541,2.659376138
Rockdale,2021,1646.498563,187.325199,,447.6235228,55.26929866,80.80846511,,0,,315.5086706,131.259988,0.54717361,,,0.595833255,981.0385976,1883.802283,0.3,6.709432788,0.25,8.386790985,2.68777698
Rockdale,2022,1666.582514,189.6545808,,453.3964258,56.00412969,81.88285125,,0,,319.7035052,132.9292111,0.554448538,,,0.59455786,990.8797338,1909.827932,0.3,6.802126883,0.25,8.502658603,2.714738997
Rockdale,2023,1686.105095,191.9229904,,459.0477273,56.72389357,82.9352079,,0,,323.8123277,134.5549351,0.561574298,,,0.593347236,1000.445799,1935.217953,0.3,6.892557092,0.25,8.615696366,2.740947394
Rockdale,2024,1705.004183,194.1233037,,464.5620843,57.42649444,83.96247076,,0,,327.8231741,136.1324788,0.568530143,,,0.592201686,1009.706352,1959.896368,0.3,6.980452816,0.25,8.72556602,2.766318772
Rockdale,2025,1723.013679,196.2251051,,469.8656017,58.10287145,84.95139209,,0,,331.6843198,137.6406616,0.575226368,,,0.591133441,1018.531004,1983.527852,0.3,7.064619748,0.25,8.830774685,2.790495903
Rockdale,2026,1740.146022,198.2296397,,474.9622736,58.75326785,85.90232752,,0,,335.3971533,139.0803784,0.581665381,,,0.590137747,1026.925853,2006.126875,0.3,7.145109418,0.25,8.931386772,2.813495487
Rockdale,2027,1758.256716,200.3482618,,480.3538125,59.44036645,86.90692474,,0,,339.3195038,140.6002095,0.588467751,,,0.589106291,1035.800093,2030.01417,0.3,7.230187454,0.25,9.037734317,2.837808473
Rockdale,2028,1775.780292,202.4025289,,485.6115533,60.11121072,87.88775672,,0,,343.1490654,142.0749439,0.595109201,,,0.5881283,1044.386645,2053.225815,0.3,7.312859068,0.25,9.141073835,2.861333275
Rockdale,2029,1792.31853,204.34693,,490.6300413,60.7522018,88.82494078,,0,,346.808208,143.4726954,0.6014551,,,0.587222842,1052.490382,2075.264621,0.3,7.391353444,0.25,9.239191804,2.883535292
Rockdale,2030,1808.363953,206.2374155,,495.5417457,61.37979478,89.74253565,,0,,350.3908666,144.8325931,0.607668357,,,0.586360194,1060.352639,2096.743934,0.3,7.467855106,0.25,9.334818883,2.905075723
Rockdale,2031,1821.498583,207.7974456,,499.6769363,61.91083607,90.51896366,,0,,353.4223531,145.9587944,0.612925738,,,0.585665351,1066.788607,2114.60823,0.3,7.531481367,0.25,9.414351708,2.922708513
Rockdale,2032,1834.813201,209.3726342,,503.8206154,62.4427946,91.29673275,,0,,356.4590757,147.0932106,0.6181922,,,0.58497114,1073.31277,2132.603686,0.3,7.595574771,0.25,9.494468464,2.940582932
Rockdale,2033,1850.774389,211.2451107,,508.6541814,63.06025801,92.19951734,,0,,359.9839089,148.4344132,0.624305172,,,0.584152104,1081.133752,2153.842331,0.3,7.671219262,0.25,9.589024077,2.962010281
Rockdale,2034,1865.205659,212.9388933,,513.0356934,63.62170438,93.02040019,,0,,363.1889649,149.6485859,0.629863568,,,0.58342364,1088.205075,2173.08469,0.3,7.73975369,0.25,9.674692112,2.981383767
Rockdale,2035,1879.110602,214.5689752,,517.2424496,64.16175678,93.81000321,,0,,366.2718919,150.8169335,0.63521016,,,0.582732329,1095.018497,2191.599325,0.3,7.805696227,0.25,9.757120284,3.000050676
Rockdale,2036,1895.340278,216.4612817,,522.0649992,64.77810241,94.7111535,,0,,369.7903443,152.168591,0.641312067,,,0.581938268,1102.971038,2212.985024,0.3,7.881864469,0.25,9.852330587,3.021838461
Rockdale,2037,1910.604085,218.2404928,,526.5992081,65.35884416,95.56024785,,0,,373.1055493,153.4401232,0.647061489,,,0.581203773,1110.450303,2233.105308,0.3,7.953525754,0.25,9.941907193,3.042329598
Rockdale,2038,1925.87605,220.0181091,,531.1174653,65.93748942,96.40627695,,0,,376.4087863,154.7099217,0.652790156,,,0.580480538,1117.933567,2253.193323,0.3,8.025072108,0.25,10.03134013,3.062831689
Rockdale,2039,1940.061932,221.6694295,,535.3195466,66.4769052,97.1949492,,0,,379.4880792,155.8905617,0.658130446,,,0.579818938,1124.884649,2271.874885,0.3,8.09160918,0.25,10.11451148,3.08187575
Rockdale,2040,1956.83793,223.614754,,540.2196247,67.10333383,98.11084169,,0,,383.064091,157.2777434,0.664332175,,,0.579048919,1133.104888,2293.787763,0.3,8.169655047,0.25,10.21206881,3.104396953
Rockdale,2041,1975.801592,225.8083891,,545.7126897,67.80333526,99.13430395,,0,,387.0600983,158.8393616,0.671262285,,,0.578194231,1142.397082,2318.43395,0.3,8.257435988,0.25,10.32179498,3.12985502
Rockdale,2042,1992.571556,227.7502604,,550.5958304,68.42763501,100.0470838,,0,,390.6239573,160.2243479,0.677442938,,,0.577451967,1150.614364,2340.303749,0.3,8.335328422,0.25,10.41916053,3.152368121
Rockdale,2043,2009.625207,229.7236157,,555.5540199,69.06133846,100.9736128,,0,,394.2414979,161.6318708,0.683716689,,,0.576709851,1158.970653,2362.524226,0.3,8.414469845,0.25,10.51808731,3.175262064
Rockdale,2044,2026.184987,231.6397499,,560.3726628,69.67796159,101.8751688,,0,,397.7615343,162.9996932,0.689821342,,,0.576001181,1167.084945,2384.116633,0.3,8.491374309,0.25,10.61421789,3.197493001
Rockdale,2045,2042.12135,233.4839838,,565.0194995,70.27321029,102.7454735,,0,,401.1595532,164.3175953,0.695714385,,,0.575330043,1174.893763,2404.922616,0.3,8.565477812,0.25,10.70684726,3.218887023
Rockdale,2046,2058.135418,235.3365349,,569.6904937,70.87122632,103.6198244,,0,,404.5733697,165.6418511,0.701634826,,,0.574666101,1182.740657,2425.829696,0.3,8.639941384,0.25,10.79992673,3.240385361
Rockdale,2047,2075.919529,237.3910354,,574.8535124,71.53045667,104.5836758,,0,,408.3366325,167.1087925,0.708161296,,,0.573940779,1191.454871,2448.976924,0.3,8.722383566,0.25,10.90297946,3.264259921
Rockdale,2048,2092.127788,239.2649764,,579.5843895,72.13577092,105.4686973,,0,,411.7921114,168.4491947,0.71415399,,,0.573290468,1199.396918,2470.140164,0.3,8.797759488,0.25,10.99719936,3.286018953
Rockdale,2049,2109.897981,241.3174204,,584.7511967,72.79576928,106.4336716,,0,,415.5597583,169.9165386,0.720688064,,,0.57258897,1208.104312,2493.288711,0.3,8.880206368,0.25,11.10025796,3.309874829
Rockdale,2050,2127.681369,243.3712337,,589.9256037,73.45697358,107.4004091,,0,,419.3342894,171.3857248,0.727234077,,,0.571898683,1216.818173,2516.464664,0.3,8.962750859,0.25,11.20343857,3.333748418
Rockdale,2051,2141.048419,245.1222176,,595.2232782,74.16422515,108.4344717,,0,,423.3716847,172.7099307,0.734235964,,,0.571387371,1223.368027,2537.440435,0.3,9.037459085,0.25,11.29682386,3.351693225
Rockdale,2052,2162.200579,247.5931034,,601.5381696,74.97293523,109.6168753,,0,,427.9882629,174.4810496,0.742242305,,,0.570591183,1233.732586,2565.400632,0.3,9.137043345,0.25,11.42130418,3.380089276
Rockdale,2053,2183.424062,250.0732223,,607.8823099,75.78576416,110.8053011,,0,,432.6283539,176.2593281,0.750289422,,,0.569807814,1244.132092,2593.476539,0.3,9.237039726,0.25,11.54629966,3.408581075
Rockdale,2054,2206.088375,252.7194671,,614.6373288,76.65030787,112.0693383,,0,,437.5636624,178.1553733,0.758848523,,,0.568987906,1255.237606,2623.405095,0.3,9.343634587,0.25,11.67954323,3.439007139
Rockdale,2055,2229.489241,255.4512452,,621.6077684,77.54222938,113.3734042,,0,,442.655259,180.1124238,0.767678668,,,0.568158844,1266.70403,2654.29522,0.3,9.453654207,0.25,11.81706776,3.470422001
Rockdale,2056,2255.19453,258.4482906,,629.231565,78.51619888,114.7974313,,0,,448.2152322,182.2572611,0.777321099,,,0.567267969,1279.299622,2688.138209,0.3,9.57419088,0.25,11.9677386,3.50493047
Rockdale,2057,2281.998471,261.5725555,,637.1734819,79.53044486,116.2803462,,0,,454.0051266,184.4926164,0.787362273,,,0.566360394,1292.433553,2723.406852,0.3,9.699805225,0.25,12.12475653,3.540913843
Rockdale,2058,2309.247834,264.7492286,,645.2516983,80.56230165,117.7890095,,0,,459.8955534,186.7657637,0.797577796,,,0.565459333,1305.785741,2759.273226,0.3,9.827548478,0.25,12.2844356,3.57749518
Rockdale,2059,2338.77536,268.1885061,,653.9790022,81.67582705,119.4170793,,0,,466.2521914,189.2250319,0.80860185,,,0.564506643,1320.254229,2798.067372,0.3,9.965719406,0.25,12.45714926,3.617134873
Rockdale,2060,2368.576402,271.6606303,,662.7958685,82.80119291,121.0624609,,0,,472.6764213,191.7083822,0.819743125,,,0.563569213,1334.856739,2837.244363,0.3,10.10525389,0.25,12.63156737,3.657141751
Rockdale,2061,2400.7986,275.4119951,,672.3039162,84.01359016,122.8350899,,0,,479.5974762,194.3897377,0.831746024,,,0.562581808,1350.645616,2879.536536,0.3,10.25588355,0.25,12.81985444,3.700398948
Rockdale,2062,2436.735996,279.5912523,,682.8673158,85.35861666,124.8016343,,0,,487.2756543,197.3741431,0.84506197,,,0.561511359,1368.25494,2926.594734,0.3,10.4234881,0.25,13.02936012,3.748643671
Rockdale,2063,2474.084639,283.9342575,,693.8422723,86.75589083,126.8445692,,0,,495.252092,200.4752579,0.858895175,,,0.560431827,1386.555775,2975.492099,0.3,10.59764309,0.25,13.24705386,3.798782945
Rockdale,2064,2510.478575,288.1695349,,704.5657015,88.12252428,128.8427048,,0,,503.0536149,203.5014331,0.872425033,,,0.55941079,1404.388804,3023.21771,0.3,10.76762472,0.25,13.4595309,3.847640558
Rockdale,2065,2547.547176,292.4840915,,715.4946819,89.51567526,130.8796112,,0,,511.0065151,206.5847165,0.886217418,,,0.558400815,1422.552418,3071.846267,0.3,10.94082232,0.25,13.6760279,3.897403885
