county,year,Single Family,Multifamily,Residential,Commercial,Institutional,Industrial,Municipal,Irrigation,Agricultural,Other,Self Supplied,New Commercial,Anheuser-Busch,NRW
Bartow,2020,5.430741159,0.569704258,,0.907461205,,5.043949843,,0.05470951,0.031688579,,0.351756926,,2.374956318,7.04288964
Bartow,2021,5.491734751,0.576102705,,0.917653059,,5.100599315,,0.055323962,0.032044478,,0.355707569,,2.401629863,7.12198955
Bartow,2022,5.563371525,0.58361766,,0.929623358,,5.167133935,,0.056045634,0.032462482,,0.360347586,,2.432957853,7.214892136
Bartow,2023,5.641119045,0.591773654,,0.942614744,,5.239344077,,0.056828866,0.032916141,,0.365383405,,2.466958178,7.315719479
Bartow,2024,5.723664674,0.600432987,,0.956407881,,5.316010594,,0.057660434,0.033397798,,0.370730004,,2.503056799,7.422769279
Bartow,2025,5.801747791,0.608624187,,0.969455345,,5.388532432,,0.058447046,0.033853416,,0.37578756,,2.537203886,7.524031844
Bartow,2026,5.88108007,0.616946428,,0.98271154,,5.462214462,,0.059246243,0.034316323,,0.380926026,,2.571897253,7.626914391
Bartow,2027,5.96137371,0.625369519,,0.996128376,,5.536789383,,0.060055125,0.034784839,,0.386126761,,2.60701104,7.731043685
Bartow,2028,6.043134076,0.633946475,,1.009790298,,5.612726566,,0.060878782,0.035261914,,0.391422498,,2.642766251,7.837075113
Bartow,2029,6.121627078,0.642180673,,1.022906252,,5.685629095,,0.061669524,0.035719924,,0.396506602,,2.677092588,7.938869238
Bartow,2030,6.204946947,0.650921227,,1.036828763,,5.763014709,,0.062508891,0.036206098,,0.40190335,,2.713529797,8.046923116
Bartow,2031,6.282428578,0.659049328,,1.04977572,,5.8349779,,0.063289445,0.036658207,,0.406921947,,2.747413844,8.14740564
Bartow,2032,6.364905309,0.667701434,,1.063557344,,5.911580427,,0.064120319,0.037139461,,0.412264084,,2.783482334,8.254366089
Bartow,2033,6.453397374,0.676984569,,1.078344113,,5.99376986,,0.065011791,0.037655816,,0.417995842,,2.822181433,8.369127561
Bartow,2034,6.536143495,0.685664934,,1.092170752,,6.070622589,,0.065845379,0.038138643,,0.423355428,,2.858367732,8.47643737
Bartow,2035,6.618284788,0.694281851,,1.105896325,,6.146913569,,0.066672874,0.03861794,,0.428675837,,2.894289529,8.582962804
Bartow,2036,6.711324307,0.704042031,,1.121442961,,6.233326575,,0.067610158,0.039160829,,0.434702141,,2.934977307,8.703621669
Bartow,2037,6.806301035,0.714005431,,1.137313299,,6.321538817,,0.068566957,0.039715022,,0.440853921,,2.976512261,8.826792816
Bartow,2038,6.902569915,0.724104382,,1.153399551,,6.41095118,,0.069536774,0.040276755,,0.447089395,,3.018612294,8.951639697
Bartow,2039,7.004006753,0.734745471,,1.170349355,,6.505163427,,0.070558653,0.040868642,,0.453659605,,3.062972365,9.083188677
Bartow,2040,7.10969225,0.745832259,,1.188009097,,6.603321731,,0.071623333,0.041485321,,0.460505007,,3.109190446,9.220247555
Bartow,2041,7.21354414,0.756726696,,1.205362448,,6.699777023,,0.072669541,0.042091301,,0.467231643,,3.15460666,9.354928509
Bartow,2042,7.309997618,0.766845012,,1.221479547,,6.789360837,,0.073641217,0.042654111,,0.473479074,,3.196787422,9.480014788
Bartow,2043,7.408362414,0.777163833,,1.237916021,,6.88071984,,0.074632148,0.043228073,,0.479850303,,3.239804035,9.60757977
Bartow,2044,7.506434723,0.78745197,,1.254303621,,6.971807188,,0.075620133,0.043800328,,0.486202588,,3.282692739,9.73476544
Bartow,2045,7.601871556,0.797463637,,1.270250841,,7.060446764,,0.076581567,0.044357206,,0.492384169,,3.324428904,9.858533275
Bartow,2046,7.69333504,0.807058485,,1.285534126,,7.145395984,,0.077502974,0.044890899,,0.498308391,,3.364427455,9.97714825
Bartow,2047,7.782140257,0.816374471,,1.300373222,,7.227876266,,0.078397602,0.045409081,,0.504060432,,3.403263501,10.09231584
Bartow,2048,7.873236658,0.825930811,,1.315595168,,7.312484548,,0.079315311,0.045940632,,0.509960877,,3.443101521,10.21045476
Bartow,2049,7.970699992,0.836155065,,1.33188101,,7.403006293,,0.08029716,0.046509334,,0.516273718,,3.48572391,10.33685067
Bartow,2050,8.074543684,0.847048641,,1.349232992,,7.499453971,,0.081343286,0.047115266,,0.522999824,,3.531136538,10.47152099
Bartow,2051,8.150139634,0.854978928,,1.361864858,,7.569665784,,0.082104843,0.047556371,,0.527896282,,3.564195945,10.56955806
Bartow,2052,8.232754485,0.863645523,,1.375669561,,7.646396593,,0.082937108,0.048038432,,0.533247365,,3.600324837,10.67669763
Bartow,2053,8.308549661,0.871596709,,1.388334717,,7.716793442,,0.083700672,0.048480699,,0.538156728,,3.633471368,10.77499307
Bartow,2054,8.38480833,0.879596517,,1.401077321,,7.787620774,,0.084468905,0.048925671,,0.543096112,,3.666820593,10.87388958
Bartow,2055,8.459877726,0.887471567,,1.413621201,,7.857343534,,0.085225157,0.049363704,,0.547958464,,3.699649728,10.97124379
Bartow,2056,8.538827029,0.895753632,,1.426813402,,7.930669865,,0.086020496,0.049824376,,0.553072124,,3.734175614,11.07362967
Bartow,2057,8.613990256,0.903638525,,1.439372961,,8.000479775,,0.086777693,0.050262957,,0.557940555,,3.767045783,11.17110556
Bartow,2058,8.69365021,0.91199514,,1.45268391,,8.074466143,,0.087580191,0.050727775,,0.563100245,,3.801882448,11.27441305
Bartow,2059,8.777658716,0.920807934,,1.466721489,,8.152491347,,0.088426496,0.051217968,,0.568541597,,3.838620809,11.38335999
Bartow,2060,8.8565964,0.929088781,,1.479911749,,8.225806887,,0.089221717,0.051678573,,0.573654504,,3.873141614,11.48573081
Bartow,2061,8.93610903,0.937429941,,1.49319808,,8.299656423,,0.090022731,0.052142532,,0.578804652,,3.907913851,11.58884724
Bartow,2062,9.019927106,0.946222759,,1.507203839,,8.377504761,,0.090867118,0.052631613,,0.584233669,,3.944568935,11.69754722
Bartow,2063,9.097864723,0.954398695,,1.52022699,,8.449891461,,0.091652264,0.053086382,,0.589281801,,3.978652392,11.7986211
Bartow,2064,9.178157534,0.962821699,,1.533643688,,8.524465612,,0.092461137,0.053554894,,0.594482482,,4.013765817,11.90274932
Bartow,2065,9.260422331,0.971451572,,1.547389899,,8.600871299,,0.093289876,0.054034912,,0.599810891,,4.049741624,12.00943492
Cherokee,2020,12.8995797,1.720293947,,0.699839114,0.169556379,0.684393493,,0.768104832,0.225410442,0.517191405,0.717517513,0.001658118,,3.711239416
Cherokee,2021,13.11211291,1.748637474,,0.711369649,0.172349986,0.695669546,,0.780760112,0.2291243,0.52571264,0.729339317,0.001685437,,3.772385719
Cherokee,2022,13.3063235,1.774537488,,0.721906129,0.174902755,0.705973483,,0.792324371,0.232517983,0.533499254,0.740141955,0.001710401,,3.828260561
Cherokee,2023,13.48546013,1.798427233,,0.731624804,0.177257387,0.715477665,,0.802991053,0.235648261,0.540681498,0.750106131,0.001733427,,3.879798593
Cherokee,2024,13.65692961,1.821294482,,0.740927514,0.179511239,0.724575062,,0.813201195,0.238644561,0.547556337,0.759643833,0.001755468,,3.929130765
Cherokee,2025,13.82919143,1.844267399,,0.750273211,0.181775506,0.733714497,,0.823458517,0.241654707,0.554462945,0.769225608,0.001777611,,3.978690896
Cherokee,2026,13.98846968,1.865508819,,0.758914511,0.183869112,0.742165082,,0.832942732,0.244437974,0.560848993,0.778085194,0.001798084,,4.024515621
Cherokee,2027,14.15797198,1.888113725,,0.768110496,0.186097107,0.751158109,,0.843035738,0.247399899,0.567644961,0.787513475,0.001819872,,4.073281832
Cherokee,2028,14.31001812,1.90839067,,0.776359435,0.188095652,0.759224991,,0.852089318,0.250056791,0.573741048,0.795970788,0.001839416,,4.117025866
Cherokee,2029,14.46496873,1.929054954,,0.784765948,0.190132374,0.767445971,,0.861315844,0.252764436,0.579953585,0.804589655,0.001859334,,4.161605518
Cherokee,2030,14.6260349,1.950534815,,0.793504249,0.192249482,0.775991416,,0.870906521,0.255578947,0.586411319,0.813548692,0.001880037,,4.207944637
Cherokee,2031,14.77488849,1.970385998,,0.801579983,0.194206063,0.783888916,,0.879770001,0.258180051,0.592379404,0.821828423,0.001899171,,4.250770164
Cherokee,2032,14.93530155,1.991778758,,0.81028285,0.196314586,0.792399708,,0.889321788,0.260983148,0.598810951,0.83075113,0.001919791,,4.296921377
Cherokee,2033,15.10243021,2.014067114,,0.819350058,0.198511381,0.801266801,,0.899273456,0.263903596,0.605511751,0.840047382,0.001941273,,4.345004685
Cherokee,2034,15.26506219,2.035755791,,0.828173308,0.20064907,0.80989532,,0.908957369,0.266745467,0.612032263,0.849093514,0.001962178,,4.391794289
Cherokee,2035,15.42476369,2.057053656,,0.836837571,0.202748239,0.818368361,,0.918466787,0.269536131,0.618435281,0.857976642,0.001982706,,4.437740785
Cherokee,2036,15.60568642,2.081181596,,0.846653148,0.205126348,0.827967305,,0.929239822,0.272697619,0.625689137,0.868040166,0.002005962,,4.489792682
Cherokee,2037,15.77945689,2.104355708,,0.856080693,0.207410445,0.837186782,,0.939586977,0.275734127,0.632656231,0.877705858,0.002028299,,4.539786856
Cherokee,2038,15.96256979,2.128775728,,0.866015092,0.209817342,0.846901926,,0.950490425,0.278933887,0.639997898,0.887891206,0.002051836,,4.592468865
Cherokee,2039,16.16374927,2.155605118,,0.876929654,0.212461713,0.857575602,,0.962469647,0.282449347,0.648063921,0.899081478,0.002077696,,4.650348677
Cherokee,2040,16.37741782,2.184100055,,0.888521785,0.215270243,0.868911891,,0.97519253,0.286183044,0.656630676,0.910966433,0.002105161,,4.711821621
Cherokee,2041,16.57315333,2.210203434,,0.899140996,0.217843056,0.879296734,,0.986847591,0.289603375,0.664478429,0.921853893,0.002130321,,4.768135187
Cherokee,2042,16.76404969,2.235661461,,0.90949767,0.220352262,0.889424833,,0.998214506,0.292939145,0.672132164,0.932472183,0.002154859,,4.823056519
Cherokee,2043,16.96956738,2.263069395,,0.920647593,0.223053655,0.900328674,,1.010452046,0.296530412,0.68037212,0.94390376,0.002181276,,4.88218444
Cherokee,2044,17.18401088,2.29166768,,0.932281766,0.225872371,0.911706079,,1.023221074,0.300277651,0.688969946,0.955831821,0.002208841,,4.943880341
Cherokee,2045,17.39845411,2.320265929,,0.943915925,0.228691085,0.923083469,,1.035990085,0.304024885,0.697567761,0.967759866,0.002236405,,5.005576162
Cherokee,2046,17.60583925,2.347922908,,0.955167163,0.231417024,0.934086389,,1.048338823,0.307648784,0.705882591,0.979295317,0.002263063,,5.065241354
Cherokee,2047,17.82031024,2.376524859,,0.966802828,0.234236103,0.945465252,,1.061109488,0.311396503,0.714481518,0.991224906,0.002290631,,5.126945163
Cherokee,2048,18.03495713,2.405150267,,0.978448035,0.237057493,0.956853447,,1.073890626,0.315147295,0.723087498,1.00316428,0.002318222,,5.188699576
Cherokee,2049,18.25598158,2.434626191,,0.990439245,0.239962712,0.968580007,,1.087051516,0.319009531,0.731949178,1.015458395,0.002346632,,5.252288832
Cherokee,2050,18.48093896,2.464626611,,1.002643826,0.242919627,0.980515231,,1.100446592,0.322940492,0.740968544,1.027971272,0.002375549,,5.317009598
Cherokee,2051,18.71666757,2.496063488,,1.015432778,0.246018122,0.993021927,,1.11448304,0.327059672,0.750419767,1.041083281,0.002405849,,5.384829273
Cherokee,2052,18.9895573,2.532456189,,1.030237826,0.249605076,1.007500225,,1.130732245,0.331828215,0.761360916,1.056262315,0.002440927,,5.46334029
Cherokee,2053,19.27483188,2.570500541,,1.045714789,0.25335482,1.022635607,,1.147718906,0.336813173,0.772798619,1.072130236,0.002477596,,5.545414459
Cherokee,2054,19.56603138,2.609335041,,1.061513195,0.257182443,1.038085338,,1.165058366,0.341901665,0.784473874,1.08832772,0.002515027,,5.629193239
Cherokee,2055,19.86055947,2.648613444,,1.077492187,0.261053819,1.05371167,,1.182596026,0.347048322,0.796282584,1.104710352,0.002552886,,5.713929663
Cherokee,2056,20.16524746,2.689246777,,1.094022382,0.26505874,1.06987704,,1.200738658,0.352372515,0.808498642,1.121658111,0.00259205,,5.801589116
Cherokee,2057,20.47341378,2.73034398,,1.110741287,0.269109381,1.086226954,,1.219088406,0.357757489,0.820854158,1.138799347,0.002631662,,5.89024929
Cherokee,2058,20.7953658,2.773279651,,1.128208105,0.273341225,1.103308276,,1.238259023,0.363383358,0.833762394,1.156707388,0.002673046,,5.982875643
Cherokee,2059,21.1220587,2.816847568,,1.14593213,0.277635386,1.120641127,,1.257711936,0.369092071,0.846860709,1.174879134,0.002715039,,6.076865959
Cherokee,2060,21.45317599,2.861005524,,1.163896191,0.281987702,1.138208716,,1.277428298,0.374878096,0.860136414,1.193296978,0.002757601,,6.172129182
Cherokee,2061,21.79822879,2.907021926,,1.182616293,0.286523191,1.156515661,,1.29797445,0.380907634,0.873970845,1.212489962,0.002801955,,6.271401684
Cherokee,2062,22.15156513,2.954143024,,1.2017858,0.291167562,1.175262092,,1.319013844,0.38708192,0.888137393,1.232143704,0.002847373,,6.373057379
Cherokee,2063,22.52681227,3.004186157,,1.222144031,0.296099935,1.195171013,,1.341357917,0.393639082,0.903182426,1.253016198,0.002895607,,6.481016863
Cherokee,2064,22.90039289,3.054007042,,1.242411849,0.301010403,1.214991515,,1.363602756,0.400167122,0.918160641,1.273795994,0.002943627,,6.588496886
Cherokee,2065,23.29834607,3.107078264,,1.264001948,0.306241233,1.236105115,,1.387298859,0.407121054,0.934116042,1.295931473,0.00299478,,6.702988953
Clayton,2020,11.68938662,5.355937743,,2.673199991,,1.36769121,2.673435823,,0.000396882,0.064095336,,,,2.894539361
Clayton,2021,11.83982317,5.42486598,,2.707602737,,1.385292711,2.707841603,,0.000401989,0.064920211,,,,2.931790634
Clayton,2022,11.98660073,5.492117709,,2.741168721,,1.402466099,2.741410549,,0.000406973,0.065725023,,,,2.968135862
Clayton,2023,12.13177157,5.55863326,,2.774367271,,1.419451497,2.774612028,,0.000411902,0.066521025,,,,3.004083232
Clayton,2024,12.27750873,5.625408291,,2.807695331,,1.436503156,2.807943028,,0.00041685,0.067320132,,,,3.040170836
Clayton,2025,12.42239085,5.691791555,,2.840827856,,1.453454773,2.841078475,,0.000421769,0.068114551,,,,3.076046714
Clayton,2026,12.56595662,5.75757168,,2.873659348,,1.470252373,2.873912864,,0.000426643,0.068901752,,,,3.111596634
Clayton,2027,12.71131769,5.82417439,,2.906901401,,1.487260028,2.90715785,,0.000431579,0.069698797,,,,3.147591109
Clayton,2028,12.85562855,5.890295908,,2.939903286,,1.504144806,2.940162646,,0.000436478,0.070490083,,,,3.183325531
Clayton,2029,12.99846562,5.955742151,,2.972568135,,1.520857146,2.972830377,,0.000441328,0.071273288,,,,3.21869501
Clayton,2030,13.14705509,6.023824078,,3.006548479,,1.538242533,3.006813718,,0.000446373,0.072088035,,,,3.255488906
Clayton,2031,13.24506814,6.068732493,,3.0289627,,1.549710337,3.029229917,,0.000449701,0.072625461,,,,3.279759011
Clayton,2032,13.35147741,6.11748795,,3.053297017,,1.562160521,3.053566381,,0.000453314,0.073208925,,,,3.306108195
Clayton,2033,13.46746049,6.170630015,,3.079820732,,1.575730868,3.080092436,,0.000457252,0.073844885,,,,3.334828058
Clayton,2034,13.57639065,6.22054052,,3.104731545,,1.588476005,3.105005446,,0.00046095,0.074442171,,,,3.361801471
Clayton,2035,13.67809749,6.267141381,,3.127990482,,1.600375991,3.128266436,,0.000464403,0.074999851,,,,3.386986235
Clayton,2036,13.78917574,6.318036114,,3.153392532,,1.613372461,3.153670727,,0.000468175,0.075608916,,,,3.41449156
Clayton,2037,13.89394036,6.366038014,,3.177350742,,1.625630216,3.17763105,,0.000471732,0.076183363,,,,3.440433495
Clayton,2038,13.9988131,6.414089454,,3.201333678,,1.637900623,3.201616102,,0.000475292,0.076758402,,,,3.466402203
Clayton,2039,14.10925603,6.464693092,,3.226590439,,1.650822758,3.226875092,,0.000479042,0.077363983,,,,3.49375021
Clayton,2040,14.22622019,6.518284674,,3.253338513,,1.664507894,3.253625525,,0.000483013,0.078005322,,,,3.522713009
Clayton,2041,14.35459837,6.577106027,,3.282696816,,1.679528503,3.282986418,,0.000487372,0.078709246,,,,3.554502161
Clayton,2042,14.47969299,6.634422893,,3.311304214,,1.694164926,3.31159634,,0.000491619,0.079395166,,,,3.585478235
Clayton,2043,14.60299701,6.690919328,,3.339502128,,1.708591845,3.339796741,,0.000495806,0.080071268,,,,3.616010919
Clayton,2044,14.72522224,6.746921474,,3.367453337,,1.722892542,3.367750416,,0.000499955,0.080741454,,,,3.646276472
Clayton,2045,14.84776514,6.803069168,,3.395477191,,1.737230406,3.395776742,,0.000504116,0.081413382,,,,3.676620684
Clayton,2046,14.9682865,6.858290621,,3.423038748,,1.751331745,3.423340731,,0.000508208,0.082074226,,,,3.706464322
Clayton,2047,15.09059457,6.914330723,,3.451008902,,1.765642135,3.451313352,,0.000512361,0.082744866,,,,3.736750388
Clayton,2048,15.21502689,6.971344131,,3.479464841,,1.780201067,3.479771802,,0.000516585,0.083427155,,,,3.767562462
Clayton,2049,15.33921599,7.028246096,,3.507865159,,1.794731542,3.508174625,,0.000520802,0.084108109,,,,3.798314309
Clayton,2050,15.46102148,7.084055923,,3.53572038,,1.808983129,3.536032304,,0.000524938,0.084775994,,,,3.828475926
Clayton,2051,15.47965364,7.092592957,,3.539981296,,1.811163144,3.540293595,,0.00052557,0.084878158,,,,3.833089643
Clayton,2052,15.51005441,7.106522226,,3.546933527,,1.814720119,3.54724644,,0.000526602,0.085044852,,,,3.840617515
Clayton,2053,15.54076669,7.120594229,,3.553956999,,1.818313543,3.554270532,,0.000527645,0.085213254,,,,3.848222527
Clayton,2054,15.5717959,7.134811441,,3.561052946,,1.821944048,3.561367105,,0.000528699,0.085383393,,,,3.855906014
Clayton,2055,15.60314744,7.149176345,,3.568222608,,1.825612267,3.568537399,,0.000529763,0.0855553,,,,3.863669319
Clayton,2056,15.63482678,7.163691439,,3.575467231,,1.829318838,3.575782661,,0.000530839,0.085729005,,,,3.871513792
Clayton,2057,15.66683937,7.178359227,,3.582788065,,1.833064402,3.583104141,,0.000531926,0.085904536,,,,3.879440787
Clayton,2058,15.69919071,7.193182227,,3.590186367,,1.8368496,3.590503096,,0.000533024,0.086081925,,,,3.887451664
Clayton,2059,15.73188633,7.208162969,,3.597663399,,1.840675079,3.597980787,,0.000534134,0.086261202,,,,3.89554779
Clayton,2060,15.76493175,7.22330399,,3.605220428,,1.844541487,3.605538483,,0.000535256,0.086442397,,,,3.903730536
Clayton,2061,15.9355351,7.30147241,,3.644235038,,1.86450256,3.644556535,,0.000541048,0.087377851,,,,3.945975533
Clayton,2062,16.10669679,7.379896658,,3.683377333,,1.88452896,3.683702283,,0.00054686,0.088316366,,,,3.988358787
Clayton,2063,16.27843112,7.458583284,,3.722650584,,1.904622362,3.722978999,,0.000552691,0.089258021,,,,4.03088384
Clayton,2064,16.45075257,7.537538919,,3.7620581,,1.924784457,3.762389992,,0.000558541,0.090202895,,,,4.073554275
Clayton,2065,16.62367577,7.616770271,,3.801603229,,1.94501696,3.801938609,,0.000564412,0.091151069,,,,4.116373717
Cobb,2020,37.24575076,10.67004819,,17.17871356,2.18856471,1.342468216,0.000492032,2.671394661,,0.001871437,,0.002003502,,6.750554578
Cobb,2021,37.69726091,10.79939543,,17.38696184,2.2150955,1.358742234,0.000497997,2.703778538,,0.001894124,,0.00202779,,6.83238791
Cobb,2022,38.16777895,10.93418799,,17.60397705,2.242743195,1.375701363,0.000504213,2.737525727,,0.001917765,,0.0020531,,6.917666302
Cobb,2023,38.63454377,11.06790534,,17.81926118,2.270170351,1.392525214,0.000510379,2.771003722,,0.001941218,,0.002078208,,7.002264447
Cobb,2024,39.09285244,11.1992002,,18.03064512,2.297100623,1.409044274,0.000516433,2.803875212,,0.001964246,,0.002102861,,7.085329967
Cobb,2025,39.52740981,11.32369086,,18.23107434,2.322635265,1.424707255,0.000522174,2.835043177,,0.001986081,,0.002126236,,7.164090717
Cobb,2026,39.91278712,11.43409257,,18.40882042,2.345280081,1.438597612,0.000527265,2.862683776,,0.002005444,,0.002146966,,7.233937895
Cobb,2027,40.30507829,11.54647494,,18.58975536,2.368331157,1.452737169,0.000532447,2.890820262,,0.002025155,,0.002168068,,7.305038164
Cobb,2028,40.69410987,11.65792351,,18.76918689,2.391190698,1.466759239,0.000537587,2.918722958,,0.002044703,,0.002188995,,7.375547655
Cobb,2029,41.06270211,11.76351668,,18.93919126,2.412849222,1.480044604,0.000542456,2.945159675,,0.002063223,,0.002208822,,7.442352647
Cobb,2030,41.45289125,11.87529687,,19.11915669,2.435776782,1.494108397,0.00054761,2.973145396,,0.002082828,,0.002229811,,7.513071937
Cobb,2031,41.77729676,11.96823156,,19.26878099,2.454838887,1.505801115,0.000551896,2.996412886,,0.002099128,,0.002247261,,7.571868364
Cobb,2032,42.12943017,12.06910966,,19.43119412,2.475530289,1.518493245,0.000556548,3.021669118,,0.002116821,,0.002266203,,7.635690299
Cobb,2033,42.52031816,12.18109005,,19.61148187,2.498498913,1.532582227,0.000561712,3.049704962,,0.002136462,,0.002287229,,7.70653625
Cobb,2034,42.86292513,12.27923904,,19.76950117,2.518630539,1.544930991,0.000566238,3.074277925,,0.002153676,,0.002305658,,7.768631578
Cobb,2035,43.14920608,12.36125193,,19.90154142,2.535452441,1.555249566,0.000570019,3.09481099,,0.00216806,,0.002321058,,7.820518173
Cobb,2036,43.46324703,12.45121741,,20.04638531,2.553905524,1.566568709,0.000574168,3.117335097,,0.00218384,,0.00233795,,7.877436089
Cobb,2037,43.73878938,12.53015394,,20.17347264,2.570096426,1.576500227,0.000577808,3.137097952,,0.002197684,,0.002352772,,7.927376382
Cobb,2038,44.00159736,12.60544236,,20.29468655,2.585539053,1.585972754,0.00058128,3.155947454,,0.002210889,,0.002366909,,7.975008651
Cobb,2039,44.26674459,12.68140092,,20.41697938,2.601119136,1.595529595,0.000584783,3.174964734,,0.002224212,,0.002381172,,8.023064894
Cobb,2040,44.54270125,12.76045614,,20.54425781,2.617334382,1.605476046,0.000588428,3.194757305,,0.002238078,,0.002396016,,8.073080277
Cobb,2041,44.80744875,12.83630019,,20.66636627,2.632890976,1.61501848,0.000591926,3.213745915,,0.00225138,,0.002410257,,8.12106407
Cobb,2042,45.0391749,12.90268438,,20.77324443,2.646507232,1.623370707,0.000594987,3.23036612,,0.002263023,,0.002422722,,8.163062957
Cobb,2043,45.25220123,12.96371151,,20.87149774,2.659024684,1.631048927,0.000597801,3.245645108,,0.002273727,,0.002434181,,8.201672619
Cobb,2044,45.43106122,13.01495077,,20.95399264,2.669534518,1.637495672,0.000600164,3.258473569,,0.002282714,,0.002443802,,8.234089851
Cobb,2045,45.61212867,13.06682242,,21.03750568,2.680174063,1.644021982,0.000602556,3.271460356,,0.002291812,,0.002453542,,8.266907171
Cobb,2046,45.7872407,13.11698798,,21.11827192,2.690463667,1.650333637,0.000604869,3.284019999,,0.00230061,,0.002462961,,8.298645108
Cobb,2047,45.96786083,13.16873148,,21.20157865,2.701076927,1.656843824,0.000607255,3.296974702,,0.002309686,,0.002472677,,8.331381354
Cobb,2048,46.14482299,13.21942705,,21.28319822,2.711475244,1.663222164,0.000609593,3.309667043,,0.002318577,,0.002482196,,8.363454615
Cobb,2049,46.3173981,13.26886584,,21.36279437,2.721615778,1.669442379,0.000611873,3.322044729,,0.002327248,,0.002491479,,8.394732752
Cobb,2050,46.46494486,13.31113458,,21.43084679,2.730285643,1.674760485,0.000613822,3.332627296,,0.002334662,,0.002499416,,8.421474662
Cobb,2051,46.6529584,13.36499612,,21.51756355,2.741333341,1.681537156,0.000616306,3.34611228,,0.002344109,,0.00250953,,8.455550915
Cobb,2052,46.87762755,13.42935865,,21.62118683,2.754534927,1.689635025,0.000619273,3.362226332,,0.002355397,,0.002521615,,8.496270764
Cobb,2053,47.08704387,13.48935159,,21.71777511,2.766840254,1.697183127,0.00062204,3.377246398,,0.00236592,,0.00253288,,8.534226135
Cobb,2054,47.29548814,13.54906607,,21.81391506,2.779088464,1.704696194,0.000624794,3.392196746,,0.002376393,,0.002544092,,8.572005329
Cobb,2055,47.48999244,13.60478706,,21.90362552,2.79051756,1.711706815,0.000627363,3.40614727,,0.002386166,,0.002554555,,8.607257993
Cobb,2056,47.69309149,13.66297025,,21.99730011,2.802451684,1.719027221,0.000630046,3.420714239,,0.002396371,,0.00256548,,8.644068398
Cobb,2057,47.91626108,13.72690319,,22.10023176,2.815565156,1.72707104,0.000632994,3.436720738,,0.002407584,,0.002577484,,8.684516463
Cobb,2058,48.12281616,13.78607645,,22.19550036,2.827702356,1.734516014,0.000635723,3.451535586,,0.002417963,,0.002588595,,8.721953251
Cobb,2059,48.36338228,13.8549931,,22.30645574,2.84183805,1.743186865,0.000638901,3.468789824,,0.00243005,,0.002601536,,8.765554324
Cobb,2060,48.56024863,13.91139076,,22.39725565,2.85340594,1.750282623,0.000641502,3.482909763,,0.002439942,,0.002612125,,8.801235095
Cobb,2061,48.75558387,13.9673498,,22.48734936,2.864883862,1.757323194,0.000644082,3.496919885,,0.002449757,,0.002622633,,8.83663836
Cobb,2062,48.9624834,14.02662174,,22.58277683,2.877041303,1.764780582,0.000646815,3.511759438,,0.002460152,,0.002633762,,8.874137579
Cobb,2063,49.17208522,14.08666783,,22.67945067,2.88935753,1.772335371,0.000649584,3.526792808,,0.002470684,,0.002645037,,8.91212657
Cobb,2064,49.36252428,14.14122423,,22.76728614,2.900547752,1.779199467,0.0006521,3.54045176,,0.002480253,,0.002655281,,8.946642436
Cobb,2065,49.5371159,14.1912407,,22.84781235,2.910806776,1.785492364,0.000654406,3.552974077,,0.002489025,,0.002664673,,8.978286051
Coweta,2020,7.177923793,0.941542358,,1.359377803,0.214721585,0.862315863,1.194484429,0.513317219,,,0.715025696,0.000373754,,1.438710446
Coweta,2021,7.331802921,0.961726986,,1.388519916,0.21932475,0.880802046,1.220091586,0.524321628,,,0.730354297,0.000381767,,1.469553279
Coweta,2022,7.484735243,0.981787419,,1.417482721,0.223899593,0.899174485,1.245541185,0.535258327,,,0.745588582,0.00038973,,1.50020634
Coweta,2023,7.636666973,1.001716602,,1.44625603,0.228444503,0.917426719,1.270824274,0.546123471,,,0.760723194,0.000397641,,1.530658845
Coweta,2024,7.78972982,1.021794156,,1.475243554,0.233023251,0.935814838,1.296295593,0.557069504,,,0.775970482,0.000405611,,1.561338067
Coweta,2025,7.945975428,1.042289199,,1.504833839,0.237697207,0.954585317,1.322296558,0.568243148,,,0.791534819,0.000413747,,1.592655227
Coweta,2026,8.100238564,1.062524198,,1.534048677,0.24231186,0.973117633,1.347967618,0.579275018,,,0.806901673,0.000421779,,1.62357503
Coweta,2027,8.260328513,1.083523511,,1.564367015,0.247100817,0.992349949,1.374608323,0.590723583,,,0.822848962,0.000430115,,1.655662732
Coweta,2028,8.417179893,1.104098014,,1.594072024,0.251792895,1.011193202,1.400710095,0.601940547,,,0.838473643,0.000438282,,1.68710131
Coweta,2029,8.575044691,1.12480545,,1.623968956,0.256515288,1.030158202,1.426980511,0.613229984,,,0.854199274,0.000446502,,1.718743013
Coweta,2030,8.730447757,1.145189975,,1.653399678,0.261164041,1.048827462,1.452841268,0.624343375,,,0.869679682,0.000454594,,1.749891298
Coweta,2031,8.878706009,1.164637301,,1.681477292,0.265599062,1.066638384,1.47751305,0.634945816,,,0.884448362,0.000462314,,1.779607509
Coweta,2032,9.036387985,1.185320756,,1.711339601,0.270315987,1.08558142,1.503753043,0.646222179,,,0.900155782,0.000470524,,1.811212568
Coweta,2033,9.196915892,1.206377516,,1.741740881,0.275118045,1.104866351,1.530466629,0.657702063,,,0.916146698,0.000478883,,1.843388053
Coweta,2034,9.35368747,1.226941552,,1.771430776,0.279807735,1.123700017,1.556555121,0.668913321,,,0.931763429,0.000487046,,1.874810636
Coweta,2035,9.505394909,1.246841315,,1.800161609,0.284345936,1.141925305,1.581800886,0.679762425,,,0.946875699,0.000494946,,1.905218186
Coweta,2036,9.669339711,1.268346276,,1.831209991,0.289250208,1.161620722,1.60908308,0.691486663,,,0.963206987,0.000503482,,1.938078537
Coweta,2037,9.826259232,1.288929718,,1.860927904,0.293944324,1.180472161,1.635196192,0.7027085,,,0.978838456,0.000511653,,1.969530774
Coweta,2038,9.973490699,1.308242359,,1.888811063,0.29834863,1.198159731,1.659697106,0.713237512,,,0.993504853,0.000519319,,1.99904118
Coweta,2039,10.12611644,1.328262577,,1.917715806,0.302914302,1.216495339,1.685095686,0.724152287,,,1.008708599,0.000527267,,2.029632791
Coweta,2040,10.28919354,1.34965372,,1.948599861,0.307792617,1.236086516,1.712233486,0.735814473,,,1.024953452,0.000535758,,2.062319224
Coweta,2041,10.45214166,1.371027945,,1.979459489,0.312667073,1.255662197,1.739349822,0.747467436,,,1.041185457,0.000544243,,2.094979806
Coweta,2042,10.60225579,1.39071871,,2.007888575,0.317157612,1.273696074,1.764330442,0.758202597,,,1.056139009,0.000552059,,2.125068
Coweta,2043,10.74459866,1.409390104,,2.034845916,0.32141568,1.290796355,1.78801784,0.768382009,,,1.070318431,0.000559471,,2.153598558
Coweta,2044,10.88947009,1.428393174,,2.062282124,0.325749387,1.308200404,1.812126019,0.778742247,,,1.084749734,0.000567014,,2.18263593
Coweta,2045,11.03668017,1.447703009,,2.090161232,0.330153054,1.325885404,1.836623374,0.78926973,,,1.099414001,0.00057468,,2.212142049
Coweta,2046,11.1908258,1.467922594,,2.119353817,0.334764191,1.344403603,1.86227488,0.800293197,,,1.11476915,0.000582706,,2.243038299
Coweta,2047,11.34388866,1.48800015,,2.148341343,0.339342939,1.362791724,1.887746201,0.811239231,,,1.130016439,0.000590676,,2.273717524
Coweta,2048,11.4951092,1.507836045,,2.176979964,0.343866575,1.380958519,1.91291094,0.822053515,,,1.145080206,0.00059855,,2.304027482
Coweta,2049,11.65174834,1.528382709,,2.206644778,0.348552304,1.399776275,1.938977394,0.833255302,,,1.160683744,0.000606706,,2.335423521
Coweta,2050,11.80666815,1.548703844,,2.235983978,0.3531866,1.418387479,1.964757731,0.844334133,,,1.176116012,0.000614773,,2.366474942
Coweta,2051,11.9707258,1.570223608,,2.267053733,0.358094247,1.438096454,1.992058705,0.856066441,,,1.192458542,0.000623315,,2.399357913
Coweta,2052,12.14276175,1.592789901,,2.299634442,0.363240559,1.458763896,2.020687354,0.868369304,,,1.209595827,0.000632273,,2.433840017
Coweta,2053,12.31736003,1.615692301,,2.332700415,0.36846352,1.479739164,2.049742404,0.880855409,,,1.226988358,0.000641365,,2.468835705
Coweta,2054,12.49249477,1.638665069,,2.365867983,0.37370253,1.500778877,2.078886725,0.893379877,,,1.244434327,0.000650484,,2.503938916
Coweta,2055,12.67240127,1.662263757,,2.399939242,0.379084282,1.522391844,2.108825119,0.906245589,,,1.262355633,0.000659852,,2.539998557
Coweta,2056,12.85231228,1.685863038,,2.434011355,0.384466169,1.544005352,2.138764263,0.919111624,,,1.280277388,0.00066922,,2.576059103
Coweta,2057,13.02920387,1.709066255,,2.467511642,0.389757733,1.565256125,2.168200945,0.931761731,,,1.297898366,0.00067843,,2.61151445
Coweta,2058,13.21389449,1.733292487,,2.502488934,0.395282599,1.58744383,2.198935469,0.944969572,,,1.31629624,0.000688047,,2.648533
Coweta,2059,13.39609502,1.757192088,,2.536994644,0.400732975,1.609332389,2.229255615,0.957999338,,,1.334446065,0.000697534,,2.685052447
Coweta,2060,13.5822586,1.781611531,,2.572250888,0.406301903,1.631697047,2.260235255,0.971312515,,,1.352990668,0.000707228,,2.722366229
Coweta,2061,13.76598636,1.805711461,,2.607045829,0.411797965,1.653769078,2.290809548,0.984451499,,,1.371292627,0.000716794,,2.759191786
Coweta,2062,13.94807068,1.829595819,,2.64152953,0.417244865,1.675643676,2.321110355,0.997472954,,,1.389430875,0.000726276,,2.79568794
Coweta,2063,14.13170643,1.853683681,,2.676307047,0.422738175,1.697704654,2.351669337,1.010605358,,,1.407723669,0.000735838,,2.832495056
Coweta,2064,14.32448691,1.878971075,,2.712816421,0.428505042,1.720864229,2.383750101,1.024391732,,,1.426927411,0.000745876,,2.8711351
Coweta,2065,14.52047026,1.904678596,,2.749932365,0.43436772,1.74440858,2.416363858,1.038407153,,,1.446450206,0.00075608,,2.910417113
DeKalb,2020,32.12686873,11.19376615,,16.05758161,0.735403724,,0.44210261,2.206484383,,0.085504433,,0.002100914,,16.72160597
DeKalb,2021,32.65304014,11.37709681,,16.32057146,0.74744811,,0.449343333,2.242622016,,0.086904818,,0.002135323,,16.99547116
DeKalb,2022,33.14262425,11.54767957,,16.56527432,0.758654991,,0.456080572,2.276246821,,0.088207828,,0.002167339,,17.25029315
DeKalb,2023,33.62427779,11.71549913,,16.80601334,0.769680335,,0.462708678,2.309326951,,0.08948973,,0.002198836,,17.50098737
DeKalb,2024,34.0174999,11.85250708,,17.00255276,0.778681431,,0.468119866,2.336333581,,0.090536276,,0.002224551,,17.70565423
DeKalb,2025,34.41464034,11.99088026,,17.20105063,0.787772219,,0.473584975,2.363609323,,0.09159325,,0.002250521,,17.91236052
DeKalb,2026,34.77466145,12.11632019,,17.3809956,0.796013323,,0.478539279,2.388335696,,0.092551432,,0.002274065,,18.0997467
DeKalb,2027,35.12263114,12.23756112,,17.55491705,0.803978562,,0.483327741,2.412234374,,0.093477541,,0.00229682,,18.28086028
DeKalb,2028,35.46096016,12.35544301,,17.72401993,0.811723121,,0.487983537,2.435470928,,0.09437799,,0.002318945,,18.45695601
DeKalb,2029,35.75051416,12.45633052,,17.86874418,0.81835119,,0.491968133,2.455357596,,0.095148627,,0.00233788,,18.607665
DeKalb,2030,36.02476402,12.5518857,,18.00581914,0.824628937,,0.495742126,2.47419317,,0.095878533,,0.002355814,,18.75040839
DeKalb,2031,36.25765781,12.63303144,,18.12222361,0.829960019,,0.498947012,2.490188396,,0.096498371,,0.002371044,,18.87162649
DeKalb,2032,36.50399119,12.71885986,,18.24534542,0.835598741,,0.502336842,2.507106657,,0.097153977,,0.002387153,,18.99983973
DeKalb,2033,36.76326256,12.80919618,,18.37493388,0.841533621,,0.505904714,2.524913504,,0.097844018,,0.002404108,,19.13478701
DeKalb,2034,36.96000777,12.8777469,,18.47327064,0.84603724,,0.508612154,2.538426033,,0.098367648,,0.002416974,,19.23719027
DeKalb,2035,37.14677626,12.94282148,,18.56662086,0.850312485,,0.511182303,2.551253357,,0.098864725,,0.002429187,,19.33440077
DeKalb,2036,37.3580295,13.01642714,,18.672209,0.855148201,,0.51408939,2.565762302,,0.099426968,,0.002443002,,19.44435526
DeKalb,2037,37.55555645,13.08525024,,18.77093648,0.859669714,,0.516807587,2.579328521,,0.099952678,,0.002455919,,19.5471654
DeKalb,2038,37.74627489,13.15170108,,18.86626096,0.864035376,,0.519432092,2.592427129,,0.100460268,,0.002468391,,19.6464318
DeKalb,2039,37.92280707,13.2132091,,18.95449489,0.868076306,,0.521861378,2.604551419,,0.100930102,,0.002479935,,19.73831444
DeKalb,2040,38.10740379,13.27752699,,19.04675962,0.872301838,,0.524401641,2.617229586,,0.101421399,,0.002492007,,19.83439456
DeKalb,2041,38.2833963,13.33884697,,19.13472382,0.876330415,,0.5268235,2.629316812,,0.101889796,,0.002503516,,19.92599632
DeKalb,2042,38.4284289,13.38937978,,19.20721369,0.8796503,,0.528819315,2.6392777,,0.102275795,,0.002513,,20.00148384
DeKalb,2043,38.57280955,13.43968544,,19.27937771,0.882955262,,0.530806158,2.649193813,,0.102660058,,0.002522442,,20.07663204
DeKalb,2044,38.70876358,13.48705506,,19.34732996,0.886067333,,0.532677042,2.658531182,,0.103021895,,0.002531333,,20.1473943
DeKalb,2045,38.84173312,13.53338482,,19.41379051,0.889111087,,0.534506856,2.667663577,,0.103375788,,0.002540028,,20.21660317
DeKalb,2046,38.9923522,13.58586409,,19.48907261,0.89255885,,0.536579547,2.678008147,,0.103776655,,0.002549878,,20.29499839
DeKalb,2047,39.13146452,13.63433414,,19.55860343,0.895743216,,0.538493892,2.687562428,,0.104146897,,0.002558975,,20.36740449
DeKalb,2048,39.27668994,13.68493413,,19.63118968,0.899067515,,0.540492361,2.69753656,,0.104533409,,0.002568472,,20.44299238
DeKalb,2049,39.40611923,13.73003038,,19.69588075,0.902030231,,0.542273457,2.706425808,,0.10487788,,0.002576936,,20.5103586
DeKalb,2050,39.52572793,13.7717049,,19.75566331,0.904768148,,0.54391941,2.714640575,,0.105196214,,0.002584757,,20.57261333
DeKalb,2051,39.65696703,13.81743173,,19.82125895,0.907772291,,0.54572541,2.723654121,,0.105545502,,0.00259334,,20.64092153
DeKalb,2052,39.8278282,13.87696383,,19.90665841,0.911683408,,0.548076656,2.735388925,,0.106000243,,0.002604513,,20.72985249
DeKalb,2053,39.99584533,13.935505,,19.99063636,0.915529423,,0.550388765,2.746928399,,0.106447414,,0.0026155,,20.81730316
DeKalb,2054,40.14895904,13.98885346,,20.06716532,0.91903429,,0.552495786,2.757444302,,0.10685492,,0.002625513,,20.8969968
DeKalb,2055,40.31173708,14.04556921,,20.14852469,0.922760379,,0.554735798,2.768623953,,0.107288148,,0.002636158,,20.98172059
DeKalb,2056,40.48845497,14.10714193,,20.23685144,0.92680556,,0.557167639,2.780760999,,0.107758476,,0.002647714,,21.07369989
DeKalb,2057,40.65055837,14.16362261,,20.31787361,0.930516206,,0.559398368,2.791894316,,0.108189908,,0.002658315,,21.15807255
DeKalb,2058,40.82095835,14.22299402,,20.40304256,0.934416766,,0.561743268,2.803597445,,0.108643421,,0.002669458,,21.24676346
DeKalb,2059,40.96958848,14.2747803,,20.47733054,0.937819001,,0.563788589,2.813805413,,0.109038994,,0.002679178,,21.32412346
DeKalb,2060,41.13187117,14.33132346,,20.55844233,0.941533751,,0.566021785,2.824951045,,0.109470903,,0.00268979,,21.40858943
DeKalb,2061,41.29488501,14.38812136,,20.63991955,0.945265238,,0.568265043,2.836146891,,0.109904758,,0.00270045,,21.49343595
DeKalb,2062,41.4884459,14.45556258,,20.73666473,0.949695965,,0.570928663,2.849440719,,0.110419913,,0.002713108,,21.59418181
DeKalb,2063,41.6519088,14.51251695,,20.8183664,0.953437731,,0.5731781,2.860667408,,0.110854963,,0.002723797,,21.67926207
DeKalb,2064,41.80344181,14.56531466,,20.8941053,0.956906415,,0.575263369,2.871074747,,0.111258263,,0.002733707,,21.75813298
DeKalb,2065,41.94840087,14.61582185,,20.96655842,0.960224617,,0.577258172,2.881030584,,0.111644066,,0.002743186,,21.83358223
Douglas,2020,6.68295475,1.563804946,,1.118555297,0.247278607,0.36320693,0.590644711,0.274482344,,,,0.000614805,,2.668494263
Douglas,2021,6.814019483,1.594473967,,1.140492174,0.252128184,0.370330069,0.602228314,0.279865435,,,,0.000626863,,2.720828223
Douglas,2022,6.936176222,1.623058526,,1.16093808,0.256648153,0.376969075,0.613024621,0.284882657,,,,0.000638101,,2.769605234
Douglas,2023,7.053259983,1.650456012,,1.1805349,0.260980415,0.383332373,0.623372574,0.289691521,,,,0.000648872,,2.816356612
Douglas,2024,7.166392392,1.676928887,,1.199470365,0.265166471,0.389480922,0.633371304,0.294338096,,,,0.00065928,,2.861530221
Douglas,2025,7.276738341,1.702749732,,1.217939448,0.269249424,0.395478032,0.643123764,0.298870226,,,,0.000669431,,2.905591201
Douglas,2026,7.37827857,1.726510048,,1.234934679,0.273006554,0.400996566,0.652097968,0.303040686,,,,0.000678772,,2.946136069
Douglas,2027,7.476157241,1.749413562,,1.251317059,0.2766282,0.406316101,0.660748561,0.307060759,,,,0.000687777,,2.985218882
Douglas,2028,7.572716688,1.772008379,,1.267478636,0.280201034,0.411563939,0.66928256,0.311026649,,,,0.00069666,,3.023774931
Douglas,2029,7.666462691,1.793944853,,1.283169313,0.283669766,0.41665887,0.677567904,0.314876985,,,,0.000705284,,3.061207575
Douglas,2030,7.764472703,1.816879101,,1.299573677,0.287296273,0.421985543,0.686230105,0.318902453,,,,0.000714301,,3.100342833
Douglas,2031,7.855937654,1.838281811,,1.314882564,0.290680603,0.426956504,0.694313848,0.322659102,,,,0.000722715,,3.136864657
Douglas,2032,7.949511825,1.860178077,,1.330544482,0.294142977,0.432042097,0.702584005,0.326502381,,,,0.000731324,,3.174228689
Douglas,2033,8.041402403,1.881680383,,1.345924609,0.297543056,0.437036189,0.710705366,0.330276511,,,,0.000739777,,3.210920466
Douglas,2034,8.126643553,1.90162673,,1.360191792,0.300697097,0.441668897,0.718239044,0.333777536,,,,0.000747619,,3.244957135
Douglas,2035,8.206959572,1.9204206,,1.373634634,0.303668902,0.446033933,0.725337436,0.337076275,,,,0.000755008,,3.277027206
Douglas,2036,8.294162881,1.94082609,,1.388230233,0.306895545,0.45077328,0.733044532,0.34065789,,,,0.00076303,,3.311847363
Douglas,2037,8.374721283,1.959676678,,1.401713644,0.309876318,0.455151489,0.740164346,0.343966585,,,,0.000770441,,3.344014217
Douglas,2038,8.454610745,1.978370735,,1.415085092,0.312832339,0.459493342,0.747225039,0.347247805,,,,0.000777791,,3.375913965
Douglas,2039,8.538804437,1.998071978,,1.429176958,0.315947622,0.464069122,0.754666142,0.350705809,,,,0.000785536,,3.409532385
Douglas,2040,8.62795603,2.018933364,,1.444098649,0.319246355,0.468914356,0.762545429,0.354367444,,,,0.000793738,,3.445130489
Douglas,2041,8.713419832,2.038931811,,1.458403098,0.322408635,0.473559164,0.770098786,0.357877613,,,,0.0008016,,3.479256063
Douglas,2042,8.785004434,2.055682539,,1.470384525,0.325057364,0.477449662,0.776425488,0.360817736,,,,0.000808186,,3.507839692
Douglas,2043,8.854325907,2.071903696,,1.481987163,0.327622355,0.481217163,0.782552174,0.363664908,,,,0.000814563,,3.535519657
Douglas,2044,8.916992999,2.086567735,,1.492476027,0.329941124,0.484623011,0.78809074,0.366238771,,,,0.000820328,,3.560542537
Douglas,2045,8.980382518,2.101400821,,1.503085808,0.332286625,0.48806812,0.793693155,0.368842306,,,,0.00082616,,3.585853881
Douglas,2046,9.044921459,2.116502871,,1.513887972,0.334674655,0.491575699,0.799397156,0.371493049,,,,0.000832097,,3.611624188
Douglas,2047,9.112706332,2.132364466,,1.525233422,0.33718279,0.495259689,0.805388036,0.37427711,,,,0.000838333,,3.63869059
Douglas,2048,9.175306792,2.147012913,,1.535711134,0.339499094,0.498661914,0.810920713,0.376848236,,,,0.000844092,,3.663686864
Douglas,2049,9.238520385,2.161804833,,1.546291469,0.341838084,0.502097463,0.816507579,0.379444545,,,,0.000849907,,3.688927962
Douglas,2050,9.306851141,2.177794163,,1.557728286,0.344366417,0.50581112,0.822546704,0.382251026,,,,0.000856193,,3.716212335
Douglas,2051,9.373468213,2.193382494,,1.568878276,0.346831341,0.509431642,0.828434372,0.384987123,,,,0.000862322,,3.742812436
Douglas,2052,9.443995531,2.209885818,,1.580682741,0.34944095,0.513264679,0.834667631,0.387883821,,,,0.00086881,,3.770973893
Douglas,2053,9.517039372,2.226978006,,1.592908407,0.352143674,0.517234484,0.841123303,0.390883878,,,,0.00087553,,3.800140194
Douglas,2054,9.586673665,2.243272363,,1.604563403,0.354720239,0.521018986,0.847277635,0.393743898,,,,0.000881936,,3.827945068
Douglas,2055,9.662661056,2.261053339,,1.617281744,0.357531878,0.525148768,0.85399346,0.396864853,,,,0.000888927,,3.858286724
Douglas,2056,9.742504954,2.279736734,,1.630645565,0.360486213,0.529488145,0.861050125,0.400144201,,,,0.000896272,,3.890168278
Douglas,2057,9.821487815,2.298218647,,1.643865272,0.363408689,0.533780726,0.868030692,0.403388186,,,,0.000903538,,3.921706022
Douglas,2058,9.899399948,2.316450011,,1.656905765,0.366291546,0.538015114,0.874916626,0.406588193,,,,0.000910706,,3.952816225
Douglas,2059,9.97446488,2.334015132,,1.66946971,0.369069053,0.542094762,0.881550923,0.40967126,,,,0.000917611,,3.982789545
Douglas,2060,10.05482612,2.352819586,,1.682920122,0.37204253,0.546462255,0.888653312,0.412971858,,,,0.000925004,,4.014877674
Douglas,2061,10.13680222,2.372001913,,1.696640819,0.37507576,0.550917513,0.895898422,0.41633878,,,,0.000932546,,4.047610612
Douglas,2062,10.21683113,2.3907286,,1.710035607,0.37803694,0.555266945,0.902971439,0.419625728,,,,0.000939908,,4.079566041
Douglas,2063,10.2962704,2.409317314,,1.723331705,0.380976304,0.559584331,0.909992344,0.422888458,,,,0.000947216,,4.111286029
Douglas,2064,10.3739485,2.427493912,,1.736333026,0.383850501,0.563806,0.916857594,0.426078853,,,,0.000954362,,4.142302781
Douglas,2065,10.4524496,2.445863094,,1.749472099,0.386755151,0.568072398,0.923795582,0.429303051,,,,0.000961584,,4.173648159
Fayette,2020,7.739598407,0.464250035,,1.401318038,,0.185962143,0.093624202,0.271426446,,0.62316397,1.029840569,,,1.020985286
Fayette,2021,7.840889641,0.470325861,,1.41965765,,0.188395905,0.094849499,0.274978713,,0.631319567,1.043318506,,,1.03434733
Fayette,2022,7.955955884,0.477227965,,1.440491342,,0.191160643,0.09624143,0.279014067,,0.640584277,1.058629363,,,1.049526534
Fayette,2023,8.078583052,0.4845836,,1.462694,,0.194107051,0.097724824,0.283314582,,0.650457765,1.074946286,,,1.065703153
Fayette,2024,8.202411172,0.492011274,,1.485114101,,0.197082314,0.099222745,0.287657214,,0.66042795,1.09142301,,,1.082038198
Fayette,2025,8.327288803,0.499501901,,1.507724225,,0.200082794,0.100733362,0.292036652,,0.670482637,1.108039382,,,1.098511691
Fayette,2026,8.448795595,0.506790332,,1.52972403,,0.203002282,0.102203202,0.296297875,,0.680265916,1.124207227,,,1.114540514
Fayette,2027,8.568032482,0.513942606,,1.551312851,,0.20586723,0.103645585,0.300479493,,0.689866432,1.140073035,,,1.130269897
Fayette,2028,8.680909004,0.520713362,,1.571750075,,0.208579355,0.105011027,0.304438054,,0.698954833,1.155092525,,,1.145160239
Fayette,2029,8.789001087,0.527197129,,1.591321037,,0.211176523,0.106318593,0.308228826,,0.70765801,1.169475392,,,1.159419432
Fayette,2030,8.9002159,0.533868209,,1.611457395,,0.213848722,0.107663934,0.312129111,,0.716612617,1.184273773,,,1.174090566
Fayette,2031,9.001510615,0.539944245,,1.629797637,,0.216282567,0.108889273,0.3156815,,0.724768495,1.197752173,,,1.18745307
Fayette,2032,9.100001765,0.545852112,,1.647630271,,0.218649049,0.110080699,0.319135569,,0.73269864,1.210857528,,,1.200445735
Fayette,2033,9.203034832,0.55203242,,1.666285256,,0.221124662,0.111327067,0.322748921,,0.740994483,1.224567236,,,1.214037558
Fayette,2034,9.301192827,0.557920304,,1.68405757,,0.22348314,0.112514462,0.326191306,,0.748897803,1.23762826,,,1.226986274
Fayette,2035,9.389741228,0.563231768,,1.700089987,,0.225610725,0.113585613,0.329296684,,0.756027395,1.24941062,,,1.238667322
Fayette,2036,9.495076021,0.569550142,,1.719161719,,0.228141642,0.114859824,0.332990758,,0.764508564,1.263426599,,,1.252562781
Fayette,2037,9.599224987,0.575797386,,1.738018747,,0.230644067,0.116119691,0.336643245,,0.772894256,1.277284789,,,1.266301809
Fayette,2038,9.696440043,0.581628709,,1.755620334,,0.232979888,0.11729568,0.340052561,,0.780721654,1.290220345,,,1.279126136
Fayette,2039,9.798893797,0.587774268,,1.77417043,,0.235441582,0.11853504,0.343645598,,0.788970853,1.303852969,,,1.292641537
Fayette,2040,9.90604118,0.594201368,,1.793570346,,0.238016051,0.119831178,0.347403239,,0.797597966,1.318110133,,,1.306776108
Fayette,2041,10.01630343,0.60081531,,1.813534234,,0.240665362,0.121164996,0.351270118,,0.806475876,1.332781764,,,1.321321583
Fayette,2042,10.12530861,0.607353848,,1.83327052,,0.243284469,0.122483608,0.355092911,,0.815252572,1.347286129,,,1.335701228
Fayette,2043,10.23169142,0.613735086,,1.852532004,,0.245840568,0.123770497,0.358823739,,0.823818124,1.361441557,,,1.349734939
Fayette,2044,10.33846731,0.620139903,,1.871864658,,0.248406111,0.125062141,0.362568352,,0.832415326,1.37564929,,,1.363820504
Fayette,2045,10.44675333,0.626635304,,1.891470735,,0.251007938,0.126372053,0.366365925,,0.841134118,1.390057963,,,1.378105281
Fayette,2046,10.5625128,0.633578989,,1.91242994,,0.253789333,0.12777237,0.370425591,,0.850454644,1.405461061,,,1.393375932
Fayette,2047,10.67931362,0.640585139,,1.93357769,,0.256595749,0.129185283,0.374521776,,0.859859016,1.421002723,,,1.408783957
Fayette,2048,10.79674996,0.647629409,,1.954840507,,0.259417435,0.130605885,0.378640249,,0.869314558,1.436628948,,,1.424275817
Fayette,2049,10.90998579,0.654421717,,1.975342786,,0.262138193,0.131975673,0.382611411,,0.878431889,1.451696248,,,1.439213557
Fayette,2050,11.02198778,0.661140015,,1.995621669,,0.264829305,0.133330536,0.386539303,,0.887449877,1.466599371,,,1.453988533
Fayette,2051,11.14147821,0.668307498,,2.017256395,,0.267700345,0.134775986,0.390729813,,0.897070807,1.482498916,,,1.469751363
Fayette,2052,11.26713366,0.675844781,,2.040007351,,0.270719515,0.136296012,0.395136529,,0.907188122,1.499218787,,,1.486327465
Fayette,2053,11.39187215,0.683327062,,2.062592282,,0.273716652,0.137804946,0.399511087,,0.917231606,1.515816646,,,1.502782604
Fayette,2054,11.52516597,0.691322524,,2.086726226,,0.276919351,0.139417371,0.40418568,,0.927963933,1.533552887,,,1.520366336
Fayette,2055,11.66039821,0.699434259,,2.111211136,,0.280168625,0.141053246,0.408928252,,0.938852335,1.551547056,,,1.538205779
Fayette,2056,11.79951145,0.70777879,,2.136398733,,0.283511149,0.142736067,0.41380693,,0.950053221,1.570057636,,,1.556557192
Fayette,2057,11.93939431,0.716169487,,2.161725678,,0.286872166,0.144428199,0.418712599,,0.961316074,1.588670623,,,1.575010132
Fayette,2058,12.08501343,0.724904266,,2.188091219,,0.290371009,0.146189721,0.423819438,,0.973040789,1.608046884,,,1.594219782
Fayette,2059,12.2300896,0.733606477,,2.214358455,,0.293856807,0.147944676,0.428907236,,0.984721789,1.6273509,,,1.613357809
Fayette,2060,12.37843069,0.74250453,,2.24121683,,0.297421052,0.149739125,0.434109533,,0.996665667,1.647089349,,,1.632926533
Fayette,2061,12.52806934,0.751480415,,2.26831014,,0.301016474,0.15154927,0.439357336,,1.00871402,1.667000453,,,1.652666428
Fayette,2062,12.68180513,0.760702063,,2.296145272,,0.30471034,0.153408978,0.444748825,,1.02109226,1.687456729,,,1.672946806
Fayette,2063,12.8446218,0.770468415,,2.325624571,,0.308622395,0.155378535,0.450458779,,1.034201659,1.709121317,,,1.694425107
Fayette,2064,13.01548974,0.780717712,,2.356561618,,0.312727901,0.157445487,0.456451089,,1.047959316,1.731857216,,,1.716965507
Fayette,2065,13.19490819,0.791479902,,2.389046807,,0.317038854,0.159615872,0.462743265,,1.062405429,1.755730859,,,1.740633868
Forsyth,2020,,,14.99846334,2.595763475,,1.345499065,0.227625296,0.727620692,,0.13547713,0.337525467,0.00151063,,6.054302577
Forsyth,2021,,,15.27859586,2.644245626,,1.370629509,0.231876748,0.741210766,,0.138007492,0.343829571,0.001538845,,6.167381298
Forsyth,2022,,,15.5570612,2.69243924,,1.395610392,0.236102898,0.754719959,,0.140522796,0.350096155,0.001566892,,6.279787041
Forsyth,2023,,,15.83196902,2.74001716,,1.420272133,0.240275057,0.768056567,,0.143005965,0.356282682,0.00159458,,6.390756752
Forsyth,2024,,,16.10434157,2.787156303,,1.444706436,0.24440874,0.78127018,,0.145466234,0.362412155,0.001622013,,6.500703069
Forsyth,2025,,,16.64316813,2.880410277,,1.493044097,0.252586281,0.807410282,,0.150333311,0.374537909,0.001676283,,6.718206621
Forsyth,2026,,,17.17614622,2.972652063,,1.540857096,0.260675063,0.833266656,,0.15514756,0.38653205,0.001729965,,6.933349367
Forsyth,2027,,,17.71312378,3.065586033,,1.589028885,0.268824543,0.859317057,,0.159997935,0.398616195,0.001784048,,7.150106549
Forsyth,2028,,,18.25050154,3.158589265,,1.637236576,0.276980096,0.885386873,,0.164851926,0.410709346,0.001838173,,7.367025275
Forsyth,2029,,,18.78878478,3.251749207,,1.685525495,0.285149392,0.911500617,,0.169714095,0.422822873,0.001892388,,7.584309508
Forsyth,2030,,,19.11312775,3.307882799,,1.71462202,0.290071807,0.927235472,,0.172643799,0.430121888,0.001925055,,7.715234285
Forsyth,2031,,,19.42114594,3.361191086,,1.742254064,0.294746468,0.942178364,,0.175426045,0.437053531,0.001956079,,7.839569379
Forsyth,2032,,,19.74611022,3.417432207,,1.771406326,0.299678313,0.957943361,,0.178361361,0.444366528,0.001988809,,7.970744955
Forsyth,2033,,,20.08841513,3.476674449,,1.802114201,0.304873329,0.974549605,,0.18145331,0.452069759,0.002023285,,8.108920278
Forsyth,2034,,,20.42678859,3.535236279,,1.832469389,0.310008679,0.990965122,,0.184509748,0.459684516,0.002057366,,8.245508623
Forsyth,2035,,,20.90551365,3.618088568,,1.875415396,0.317274085,1.014189518,,0.188833944,0.470457747,0.002105583,,8.43875151
Forsyth,2036,,,21.39774833,3.703278949,,1.91957334,0.324744522,1.038069307,,0.193280169,0.481534997,0.00215516,,8.637447712
Forsyth,2037,,,21.88459948,3.78753761,,1.963248332,0.332133254,1.061687925,,0.197677766,0.492491097,0.002204195,,8.83397079
Forsyth,2038,,,22.37529161,3.872461024,,2.007267895,0.33958028,1.08549288,,0.202110057,0.503533635,0.002253617,,9.032044323
Forsyth,2039,,,22.87819688,3.95949815,,2.052383089,0.34721266,1.109890332,,0.206652667,0.514851016,0.002304269,,9.235047833
Forsyth,2040,,,23.5084277,4.068571333,,2.108920546,0.356777404,1.140464729,,0.212345374,0.529033733,0.002367746,,9.489447765
Forsyth,2041,,,24.1404938,4.177962146,,2.165622644,0.366370003,1.171128162,,0.218054659,0.54325775,0.002431407,,9.744588531
Forsyth,2042,,,24.76993234,4.28689821,,2.222089026,0.375922724,1.201664124,,0.22374021,0.557422637,0.002494803,,9.99866865
Forsyth,2043,,,25.40228589,4.396338772,,2.278816912,0.385519684,1.232341502,,0.229452091,0.571653124,0.002558493,,10.25392545
Forsyth,2044,,,26.03729984,4.506239764,,2.335783459,0.395157021,1.263147944,,0.235188003,0.58594348,0.002622451,,10.51025615
Forsyth,2045,,,26.78028343,4.634826915,,2.402435869,0.406432967,1.299192319,,0.241899176,0.602663585,0.002697284,,10.81017004
Forsyth,2046,,,27.52175102,4.763151693,,2.46895228,0.417685905,1.335163148,,0.248596656,0.619349574,0.002771964,,11.10947197
Forsyth,2047,,,28.27800842,4.894036124,,2.536795472,0.429163302,1.371851475,,0.255427728,0.636368393,0.002848133,,11.41474399
Forsyth,2048,,,29.05301772,5.028165921,,2.60632088,0.440925288,1.409449514,,0.262428181,0.653809204,0.002926191,,11.72758542
Forsyth,2049,,,29.85045361,5.166177057,,2.677858159,0.453027633,1.448135534,,0.269631207,0.671754704,0.003006508,,12.04947961
Forsyth,2050,,,30.82465634,5.334780986,,2.765253036,0.467812693,1.495397046,,0.278430921,0.693678166,0.003104629,,12.44272777
Forsyth,2051,,,31.77929581,5.49999913,,2.85089291,0.48230085,1.541709486,,0.287053926,0.715161375,0.003200779,,12.82807899
Forsyth,2052,,,32.76089437,5.669883047,,2.938951261,0.497198154,1.589329793,,0.295920444,0.737251273,0.003299645,,13.22431257
Forsyth,2053,,,33.74807438,5.840732936,,3.027510318,0.512180165,1.637220872,,0.304837379,0.759466775,0.003399073,,13.62279915
Forsyth,2054,,,34.73986797,6.012381293,,3.116483257,0.527232195,1.685335771,,0.313795986,0.781786101,0.003498965,,14.02314807
Forsyth,2055,,,35.83197076,6.201390025,,3.214454845,0.543806574,1.738316971,,0.32366066,0.806362786,0.003608961,,14.46398795
Forsyth,2056,,,36.92977006,6.391384643,,3.312937463,0.560467407,1.791574526,,0.333576789,0.831067664,0.00371953,,14.90712728
Forsyth,2057,,,38.03245966,6.58222562,,3.411858786,0.577202458,1.845069324,,0.343537091,0.855882595,0.003830592,,15.35224065
Forsyth,2058,,,39.1405542,6.774002022,,3.51126498,0.594019537,1.898826333,,0.353546214,0.880819158,0.003942198,,15.79953578
Forsyth,2059,,,40.25382041,6.966673478,,3.611135121,0.610915105,1.952834234,,0.363602052,0.905872104,0.004054325,,16.24891852
Forsyth,2060,,,41.37603219,7.160893131,,3.711807761,0.627946435,2.007276112,,0.373738692,0.931126362,0.004167353,,16.70191223
Forsyth,2061,,,42.50325431,7.355979917,,3.812929874,0.645053806,2.061961057,,0.38392059,0.956493372,0.004280886,,17.15692843
Forsyth,2062,,,43.63559894,7.551953249,,3.914511523,0.662238918,2.11689451,,0.394148758,0.981975659,0.004394935,,17.61401239
Forsyth,2063,,,44.77370663,7.748923984,,4.016610171,0.679511494,2.172107546,,0.404428982,1.007587638,0.004509564,,18.07342268
Forsyth,2064,,,45.91722633,7.946831371,,4.119194327,0.696866206,2.227583136,,0.414758091,1.03332141,0.004624738,,18.53501758
Forsyth,2065,,,47.17567484,8.164629327,,4.232088644,0.715965144,2.288634268,,0.426125322,1.061641539,0.004751487,,19.04300483
Fulton,2020,42.77067139,24.18200549,,40.2850411,0.735608641,1.987568989,2.466486949,0.171045172,,0.544585356,0.477720363,,,37.62464842
Fulton,2021,43.42304853,24.55085141,,40.89950515,0.746828812,2.017885197,2.504108049,0.173654108,,0.552891866,0.485006988,,,38.19853374
Fulton,2022,44.08496105,24.92508852,,41.52295043,0.758212982,2.048644518,2.542279033,0.176301178,,0.561319788,0.492400117,,,38.78080718
Fulton,2023,44.76159117,25.30764677,,42.16025799,0.769850278,2.080087771,2.581298747,0.179007105,,0.569935104,0.499957632,,,39.37602745
Fulton,2024,45.46816958,25.70713741,,42.82577338,0.782002651,2.112922732,2.62204551,0.181832798,,0.578931742,0.50784965,,,39.99759272
Fulton,2025,46.16348189,26.10025834,,43.48067742,0.793961261,2.145234154,2.662142583,0.184613438,,0.587784933,0.515615832,,,40.6092474
Fulton,2026,46.80889369,26.46516614,,44.08858091,0.805061636,2.17522668,2.699362007,0.187194519,,0.596002756,0.522824659,,,41.17700543
Fulton,2027,47.44035528,26.82218667,,44.68334493,0.815922082,2.204570935,2.735776956,0.189719811,,0.604042955,0.529877671,,,41.73249169
Fulton,2028,48.04838684,27.16596015,,45.25604055,0.826379558,2.232826387,2.770840747,0.192151404,,0.611784828,0.536668985,,,42.26736695
Fulton,2029,48.63856278,27.49963829,,45.81191824,0.836529937,2.260252082,2.804874846,0.19451159,,0.61929935,0.543260863,,,42.7865349
Fulton,2030,49.21539267,27.82577073,,46.35522549,0.846450779,2.287057581,2.838139308,0.196818404,,0.626643942,0.549703675,,,43.29396256
Fulton,2031,49.74636196,28.12597416,,46.85533734,0.855582868,2.311731922,2.868759095,0.198941816,,0.633404605,0.555634254,,,43.76104742
Fulton,2032,50.29954857,28.43873899,,47.37637535,0.865097071,2.337438709,2.900660103,0.201154077,,0.640448154,0.561812986,,,44.24767649
Fulton,2033,50.85474339,28.75263923,,47.89930485,0.874645813,2.363238818,2.932676921,0.203374369,,0.647517273,0.568014148,,,44.73607213
Fulton,2034,51.39136042,29.05603582,,48.40473623,0.883875038,2.388175611,2.963622399,0.205520367,,0.654349847,0.574007809,,,45.20812521
Fulton,2035,51.86819121,29.32563002,,48.85385586,0.892076004,2.410334115,2.991120142,0.207427272,,0.660421182,0.579333696,,,45.62758533
Fulton,2036,52.37640609,29.61296839,,49.33253568,0.900816743,2.43395105,3.020427734,0.209459685,,0.666892121,0.585010123,,,46.07465351
Fulton,2037,52.85770497,29.88508879,,49.78586372,0.909094556,2.456317187,3.048183141,0.211384459,,0.673020346,0.590385916,,,46.49804413
Fulton,2038,53.32609287,30.14990948,,50.22703113,0.917150314,2.478083347,3.075194002,0.213257599,,0.67898418,0.595617502,,,46.91007718
Fulton,2039,53.78502005,30.4093812,,50.65928762,0.925043358,2.499409864,3.101659284,0.215092906,,0.684827554,0.600743418,,,47.31378779
Fulton,2040,54.29488392,30.69765189,,51.1395206,0.933812458,2.523103427,3.131061969,0.217131914,,0.691319489,0.606438263,,,47.76230656
Fulton,2041,54.80661404,30.98697773,,51.62151137,0.942613655,2.546883716,3.160572277,0.219178386,,0.697835185,0.612153953,,,48.21246704
Fulton,2042,55.29548392,31.26337868,,52.08197044,0.95102168,2.569601681,3.188764287,0.221133436,,0.70405981,0.617614309,,,48.64251774
Fulton,2043,55.79177854,31.54397748,,52.54942274,0.959557403,2.592664676,3.217384464,0.223118179,,0.710378972,0.623157595,,,49.07909986
Fulton,2044,56.22604991,31.78950912,,52.95845631,0.967026395,2.612845428,3.242427902,0.224854884,,0.715908411,0.628008121,,,49.46112117
Fulton,2045,56.60783199,32.00536395,,53.318051,0.973592628,2.630586983,3.264444403,0.226381678,,0.720769521,0.632272377,,,49.79696851
Fulton,2046,56.99150742,32.22228927,,53.67942902,0.980191424,2.648416523,3.286570089,0.227916043,,0.725654738,0.63655778,,,50.13448141
Fulton,2047,57.37653177,32.43997725,,54.04207757,0.986813421,2.666308748,3.308773564,0.229455802,,0.730557131,0.640858249,,,50.47318093
Fulton,2048,57.76092371,32.65730766,,54.40413045,0.993424541,2.684171584,3.330940569,0.230993033,,0.735451471,0.645151655,,,50.81132412
Fulton,2049,58.14831136,32.87633182,,54.76900495,1.000087183,2.702173632,3.35328033,0.232542244,,0.740383955,0.649478521,,,51.1521026
Fulton,2050,58.5343735,33.09460655,,55.13263098,1.006727029,2.720114083,3.375543652,0.234086154,,0.745299561,0.653790582,,,51.49171504
Fulton,2051,58.92172775,33.31361183,,55.49747403,1.013389097,2.738114579,3.397881487,0.235635231,,0.75023162,0.658117076,,,51.83246414
Fulton,2052,59.35994779,33.56137598,,55.91022677,1.020926001,2.758478827,3.423152636,0.237387727,,0.755811336,0.663011706,,,52.21795902
Fulton,2053,59.78375078,33.80098892,,56.30940033,1.028214948,2.778173109,3.447592387,0.239082567,,0.761207485,0.667745308,,,52.59077146
Fulton,2054,60.17736983,34.02353624,,56.68014409,1.034984764,2.796464733,3.470291499,0.240656698,,0.766219311,0.672141775,,,52.9370316
Fulton,2055,60.57385035,34.24770139,,57.05358302,1.041803794,2.81488933,3.493155625,0.242242272,,0.771267571,0.676570202,,,53.28580891
Fulton,2056,60.97151556,34.47253635,,57.4281378,1.048643199,2.83336898,3.51608807,0.243832584,,0.776330916,0.681011862,,,53.63562839
Fulton,2057,61.36003011,34.69219765,,57.79407372,1.055325224,2.851423396,3.538492817,0.245386302,,0.781277748,0.685351315,,,53.97739818
Fulton,2058,61.73284809,34.90298429,,58.14522527,1.061737284,2.868748385,3.559992378,0.246877247,,0.786024721,0.689515447,,,54.30535995
Fulton,2059,62.14217113,35.13441045,,58.53076037,1.068777191,2.887769779,3.583597103,0.24851418,,0.791236501,0.694087317,,,54.66543463
Fulton,2060,62.57326932,35.378148,,58.93680517,1.076191607,2.907803072,3.608457551,0.250238195,,0.796725537,0.698902401,,,55.04466454
Fulton,2061,62.99401011,35.61602961,,59.33309449,1.083427888,2.927355053,3.632720712,0.251920789,,0.802082696,0.7036018,,,55.41478322
Fulton,2062,63.42487402,35.85963471,,59.73891861,1.090838274,2.947377459,3.65756765,0.253643866,,0.807568749,0.708414268,,,55.79380704
Fulton,2063,63.90542809,36.131334,,60.19154513,1.099103277,2.969708985,3.685280105,0.255565661,,0.813687491,0.713781741,,,56.21654245
Fulton,2064,64.37058919,36.3943303,,60.62967326,1.107103538,2.991325194,3.712104884,0.257425898,,0.819610239,0.718977286,,,56.62573694
Fulton,2065,64.79950408,36.63683344,,61.03366163,1.114480404,3.011257028,3.736839426,0.259141181,,0.825071476,0.723767984,,,57.00304624
Gwinnett,2020,44.56438494,11.96547902,,9.822296418,1.328532207,0.613262213,0.874643028,2.430015569,,3.900391906,,0.001701834,,14.54430175
Gwinnett,2021,45.43555412,12.1993868,,10.01430809,1.354503088,0.625250601,0.891741032,2.477518854,,3.976638919,,0.001735102,,14.82862178
Gwinnett,2022,46.306969,12.43336056,,10.20637391,1.380481293,0.63724237,0.908843859,2.525035536,,4.052907435,,0.00176838,,15.113022
Gwinnett,2023,47.18035886,12.66786459,,10.39887503,1.406518375,0.649261318,0.925985448,2.572659911,,4.129348808,,0.001801733,,15.39806679
Gwinnett,2024,48.03491407,12.89731155,,10.58722487,1.431993968,0.661021076,0.942757378,2.619257266,,4.204141722,,0.001834367,,15.67696459
Gwinnett,2025,48.84146768,13.11387014,,10.76499482,1.45603856,0.672120273,0.958587205,2.66323718,,4.274733411,,0.001865168,,15.9401963
Gwinnett,2026,49.65140288,13.33133668,,10.9435101,1.480183962,0.683266004,0.9744834,2.707401487,,4.345621064,,0.001896098,,16.20453164
Gwinnett,2027,50.46283264,13.5492045,,11.12235479,1.504373919,0.694432302,0.990408929,2.751647288,,4.416639526,,0.001927085,,16.46935475
Gwinnett,2028,51.27686077,13.76776999,,11.30177218,1.528641338,0.705634357,1.006385454,2.796034775,,4.487885404,,0.001958171,,16.73502589
Gwinnett,2029,52.06818428,13.98023932,,11.47618531,1.552231897,0.716523968,1.021916367,2.839184219,,4.557144114,,0.001988391,,16.99328701
Gwinnett,2030,52.86701005,14.19472299,,11.652252,1.57604611,0.727516819,1.037594523,2.882742748,,4.627059442,,0.002018896,,17.25399661
Gwinnett,2031,53.60218406,14.39211625,,11.8142894,1.597962768,0.737633742,1.052023418,2.922830462,,4.691403801,,0.002046971,,17.49393244
Gwinnett,2032,54.3622097,14.59618214,,11.98180427,1.62062029,0.748092654,1.066940064,2.96427329,,4.757923238,,0.002075995,,17.74197899
Gwinnett,2033,55.12063219,14.79981759,,12.14896579,1.64323002,0.758529506,1.081825245,3.005628701,,4.824302365,,0.002104958,,17.98950234
Gwinnett,2034,55.87519617,15.00241703,,12.31527687,1.665724721,0.768913259,1.096634697,3.046773714,,4.890343784,,0.002133774,,18.23576639
Gwinnett,2035,56.58807016,15.19382276,,12.4723992,1.686976581,0.778723305,1.11062592,3.085645448,,4.952736387,,0.002160997,,18.46842425
Gwinnett,2036,57.33762688,15.39507776,,12.63760664,1.709322009,0.789038152,1.125337098,3.126517425,,5.018339558,,0.002189621,,18.71305411
Gwinnett,2037,58.03659475,15.58274972,,12.79166396,1.730159306,0.798656833,1.139055392,3.164630882,,5.07951506,,0.002216313,,18.94117349
Gwinnett,2038,58.73759598,15.77096763,,12.94616945,1.751057221,0.808303495,1.152813595,3.202855216,,5.140868527,,0.002243083,,19.16995648
Gwinnett,2039,59.46039576,15.96503842,,13.10547948,1.772604983,0.818250133,1.166999627,3.242268184,,5.20412986,,0.002270686,,19.40585378
Gwinnett,2040,60.19930011,16.16343328,,13.26833907,1.794632847,0.82841839,1.181501735,3.282559306,,5.268800707,,0.002298903,,19.64700706
Gwinnett,2041,60.92978733,16.35956814,,13.42934347,1.816409784,0.838470816,1.195838645,3.322391458,,5.332734866,,0.002326799,,19.88541328
Gwinnett,2042,61.62562224,16.5463989,,13.58271026,1.837153683,0.848046383,1.209495451,3.360334081,,5.393636163,,0.002353372,,20.11251017
Gwinnett,2043,62.27318959,16.72026989,,13.72543855,1.856458652,0.856957728,1.222204933,3.395644761,,5.450312957,,0.002378101,,20.32385416
Gwinnett,2044,62.89898342,16.88829471,,13.86336781,1.87511452,0.865569441,1.234487077,3.429768171,,5.505084075,,0.002401999,,20.52809201
Gwinnett,2045,63.52822016,17.05724395,,14.00205591,1.893873026,0.874228533,1.246836794,3.464079316,,5.560156526,,0.002426029,,20.73345351
Gwinnett,2046,64.14393113,17.22256154,,14.13776283,1.912228308,0.882701494,1.258921047,3.497652925,,5.614045166,,0.002449542,,20.93440066
Gwinnett,2047,64.7524308,17.38594291,,14.27188034,1.93036861,0.891075218,1.270863768,3.530833315,,5.667302653,,0.002472779,,21.13299429
Gwinnett,2048,65.38385935,17.55548064,,14.41105152,1.949192457,0.899764472,1.283256502,3.565263975,,5.722566936,,0.002496892,,21.33907112
Gwinnett,2049,65.96869575,17.71250845,,14.53995348,1.966627321,0.907812559,1.294734795,3.59715405,,5.773753353,,0.002519226,,21.52994186
Gwinnett,2050,66.55100672,17.86885819,,14.66829882,1.983986898,0.915825893,1.306163523,3.628906417,,5.824718737,,0.002541464,,21.71998838
Gwinnett,2051,67.1300463,18.02432956,,14.79592312,2.00124895,0.923794209,1.317528045,3.660480402,,5.875397801,,0.002563576,,21.90896724
Gwinnett,2052,67.75408978,18.19188441,,14.93346658,2.019852637,0.932381836,1.329775836,3.694508367,,5.930015723,,0.002587407,,22.11263384
Gwinnett,2053,68.38882833,18.36231088,,15.07336732,2.03877516,0.94111664,1.342233534,3.729119516,,5.985569706,,0.002611647,,22.31979094
Gwinnett,2054,69.03121766,18.53479158,,15.21495434,2.057925765,0.949956728,1.35484139,3.764147849,,6.041793307,,0.002636178,,22.52944501
Gwinnett,2055,69.65923641,18.70341379,,15.35337398,2.07664796,0.958599059,1.367167202,3.798392579,,6.096759156,,0.002660161,,22.734409
Gwinnett,2056,70.31951538,18.88069783,,15.498904,2.096331883,0.967685332,1.380126169,3.834396401,,6.154548504,,0.002685376,,22.94990163
Gwinnett,2057,71.01464686,19.06733972,,15.65211575,2.117054811,0.977251219,1.393769169,3.872300667,,6.215388235,,0.002711922,,23.17676893
Gwinnett,2058,71.69104335,19.24895129,,15.80119818,2.137219221,0.986559288,1.407044467,3.909183348,,6.27458823,,0.002737752,,23.39752178
Gwinnett,2059,72.31619999,19.41680503,,15.938987,2.155856092,0.995162233,1.419314105,3.943272012,,6.32930358,,0.002761626,,23.60155167
Gwinnett,2060,72.93906637,19.58404384,,16.07627102,2.174424688,1.003733661,1.431538794,3.977235793,,6.383818479,,0.002785412,,23.8048341
Gwinnett,2061,73.58049468,19.7562665,,16.21764623,2.193546643,1.012560525,1.444127789,4.012211723,,6.439957969,,0.002809907,,24.01417452
Gwinnett,2062,74.23503075,19.93200858,,16.36191047,2.213059361,1.021567768,1.456974043,4.047902395,,6.497244683,,0.002834903,,24.22779286
Gwinnett,2063,74.90205502,20.11110372,,16.5089272,2.23294437,1.030746864,1.470065396,4.084274026,,6.555624397,,0.002860375,,24.44548693
Gwinnett,2064,75.54905282,20.28482178,,16.65152996,2.25223236,1.039650371,1.482763701,4.119553649,,6.612251342,,0.002885083,,24.65664504
Gwinnett,2065,76.17473307,20.45281611,,16.78943418,2.270884842,1.048260521,1.495043616,4.153670865,,6.667012519,,0.002908976,,24.86084582
Hall,2020,7.83303724,1.284273132,,1.883374513,5.987168629,0.303907671,,,,0.091775551,0.906072586,0.000794336,,3.110877804
Hall,2021,7.96560486,1.306008383,,1.915249056,6.178632293,0.309051055,,,,0.093328776,0.921407109,0.000807779,,3.163526815
Hall,2022,8.096317487,1.327439497,,1.946677584,6.3702785,0.314122468,,,,0.094860266,0.936527058,0.000821035,,3.215439119
Hall,2023,8.231344289,1.349577946,,1.979143411,6.563109932,0.319361264,,,,0.096442304,0.952146042,0.000834728,,3.269064791
Hall,2024,8.362993359,1.371162595,,2.010797098,6.758378315,0.324469009,,,,0.097984766,0.967374313,0.000848078,,3.321349002
Hall,2025,8.489475588,1.39190011,,2.041208469,6.954913548,0.329376291,,,,0.099466692,0.982004919,0.000860904,,3.37158121
Hall,2026,8.608912501,1.411482504,,2.069925866,7.152403112,0.334010227,,,,0.100866071,0.995820571,0.000873016,,3.419015383
Hall,2027,8.72570458,1.430631261,,2.098007339,7.353081041,0.338541548,,,,0.102234462,1.009330286,0.00088486,,3.465399164
Hall,2028,8.836634534,1.448818888,,2.124679324,7.555145661,0.34284543,,,,0.103534169,1.02216191,0.000896109,,3.509454812
Hall,2029,8.943877709,1.466402046,,2.15046486,7.758812228,0.347006271,,,,0.104790681,1.034567073,0.000906985,,3.552046262
Hall,2030,9.052748073,1.484251991,,2.176641637,7.968711789,0.351230244,,,,0.106066257,1.047160458,0.000918025,,3.595283947
Hall,2031,9.150150321,1.50022167,,2.200061021,8.173731301,0.355009275,,,,0.107207468,1.058427288,0.000927902,,3.633967089
Hall,2032,9.257892955,1.517886717,,2.225966647,8.383311084,0.359189494,,,,0.108469831,1.070890225,0.000938828,,3.676756898
Hall,2033,9.371206117,1.536465085,,2.25321165,8.598029271,0.36358584,,,,0.109797461,1.083997523,0.000950319,,3.721759034
Hall,2034,9.486674901,1.55539688,,2.28097495,8.80775721,0.36806582,,,,0.111150348,1.097354168,0.000962029,,3.76761727
Hall,2035,9.594381524,1.573056023,,2.306871917,9.012516394,0.372244642,,,,0.11241229,1.109812939,0.000972951,,3.810392778
Hall,2036,9.711012321,1.592178337,,2.334914612,9.222974159,0.376769706,,,,0.113778791,1.123303998,0.000984778,,3.856712506
Hall,2037,9.820490142,1.610127878,,2.361237446,9.429056887,0.381017247,,,,0.115061484,1.13596765,0.00099588,,3.900191442
Hall,2038,9.930538086,1.628170894,,2.38769736,9.635129355,0.385286908,,,,0.116350858,1.148697249,0.00100704,,3.943896801
Hall,2039,10.04945897,1.647668682,,2.416290684,9.844974748,0.389900824,,,,0.117744191,1.16245321,0.0010191,,3.991126036
Hall,2040,10.17029893,1.667481114,,2.445345428,10.05912656,0.394589195,,,,0.119160009,1.176431156,0.001031354,,4.039117426
Hall,2041,10.29277071,1.687561091,,2.474792527,10.27212296,0.399340879,,,,0.120594946,1.19059786,0.001043774,,4.08775689
Hall,2042,10.40752842,1.706376301,,2.502384856,10.48326833,0.40379327,,,,0.121939501,1.203872253,0.001055411,,4.133332723
Hall,2043,10.52058028,1.724911827,,2.529567032,10.6935205,0.408179478,,,,0.12326407,1.216949325,0.001066875,,4.178231083
Hall,2044,10.63644735,1.743908924,,2.557426096,10.90286354,0.41267491,,,,0.124621623,1.230352042,0.001078625,,4.2242475
Hall,2045,10.75823043,1.763875987,,2.586707606,11.11276502,0.417399874,,,,0.126048491,1.244439082,0.001090975,,4.27261345
Hall,2046,10.87844454,1.783585805,,2.615611871,11.32139378,0.422063963,,,,0.127456976,1.258344634,0.001103166,,4.320356283
Hall,2047,10.99713309,1.8030455,,2.644149331,11.53197269,0.426668864,,,,0.128847587,1.27207372,0.001115202,,4.367493244
Hall,2048,11.11367882,1.822153867,,2.672171572,11.74453846,0.431190628,,,,0.130213092,1.285554939,0.001127021,,4.413779189
Hall,2049,11.23155989,1.841481171,,2.700514882,11.9577305,0.4357642,,,,0.131594242,1.299190621,0.001138975,,4.46059546
Hall,2050,11.34768199,1.860520082,,2.728435267,12.16964793,0.440269528,,,,0.132954783,1.312622838,0.001150751,,4.506713164
Hall,2051,11.46592234,1.879906291,,2.75686496,12.38360438,0.444857039,,,,0.134340142,1.326300078,0.001162741,,4.55367212
Hall,2052,11.5943954,1.900970216,,2.787755009,12.60765181,0.449841562,,,,0.135845393,1.341160971,0.001175769,,4.604694987
Hall,2053,11.73021844,1.923239213,,2.820412284,12.83276793,0.45511125,,,,0.13743676,1.356872058,0.001189543,,4.658636883
Hall,2054,11.86488934,1.945319308,,2.852792537,13.05895272,0.460336237,,,,0.139014628,1.372449873,0.0012032,,4.712121206
Hall,2055,11.99776519,1.967105095,,2.88474119,13.2862062,0.465491579,,,,0.140571464,1.38782005,0.001216674,,4.76489263
Hall,2056,12.13239583,1.989178591,,2.917111765,13.51452836,0.470715004,,,,0.14214886,1.403393209,0.001230327,,4.818360967
Hall,2057,12.26499691,2.010919328,,2.948994352,13.7439192,0.475859686,,,,0.143702476,1.418731602,0.001243774,,4.871023266
Hall,2058,12.40315775,2.033571622,,2.982213728,13.97437873,0.481220077,,,,0.145321234,1.43471311,0.001257785,,4.925893617
Hall,2059,12.54459163,2.056760549,,3.016220073,14.20590693,0.486707456,,,,0.14697834,1.451073221,0.001272127,,4.982063848
Hall,2060,12.69147728,2.080843326,,3.05153724,14.43850382,0.492406353,,,,0.148699321,1.468063956,0.001287023,,5.040399241
Hall,2061,12.84330901,2.105737044,,3.088043644,14.67216939,0.49829715,,,,0.150478253,1.485626821,0.00130242,,5.100698965
Hall,2062,12.99734851,2.130992738,,3.125080882,14.90690364,0.504273603,,,,0.152283052,1.503445065,0.001318041,,5.161875496
Hall,2063,13.14930004,2.155906097,,3.161616089,15.14270657,0.510169048,,,,0.154063388,1.521021787,0.00133345,,5.222222796
Hall,2064,13.29953254,2.180537611,,3.197737974,15.37957818,0.515997797,,,,0.155823583,1.538399663,0.001348685,,5.281887386
Hall,2065,13.45304902,2.205707551,,3.234649456,15.61751848,0.521953958,,,,0.157622254,1.556157406,0.001364252,,5.3428562
Henry,2020,12.75494803,2.342116928,,1.696321128,,0.409409374,0.02855125,0.586259006,,0.664013699,0.580657019,0.001712941,,6.351596967
Henry,2021,12.96597238,2.380866102,,1.724385929,,0.416182851,0.029023616,0.595958373,,0.67499948,0.590263704,0.00174128,,6.45668102
Henry,2022,13.19211332,2.422391047,,1.754461131,,0.423441542,0.02952982,0.606352548,,0.686772219,0.600558558,0.00177165,,6.569292697
Henry,2023,13.42303779,2.464794365,,1.785172511,,0.430853774,0.030046732,0.61696659,,0.698793986,0.611071177,0.001802662,,6.684286436
Henry,2024,13.64748248,2.506007838,,1.815022125,,0.438058019,0.030549139,0.6272828,,0.71047842,0.621288811,0.001832804,,6.796053431
Henry,2025,13.86171817,2.545346693,,1.843514012,,0.444934574,0.031028694,0.637129771,,0.721631381,0.63104169,0.001861576,,6.90273664
Henry,2026,14.0759856,2.584691375,,1.872010119,,0.451812147,0.03150832,0.646978201,,0.732785994,0.640796013,0.001890351,,7.009435652
Henry,2027,14.2911933,2.624208712,,1.900631276,,0.458719902,0.031990051,0.656869848,,0.743989556,0.650593141,0.001919252,,7.116602891
Henry,2028,14.50929011,2.664256561,,1.929636664,,0.465720391,0.032478248,0.666894289,,0.755343524,0.660521793,0.001948542,,7.225208823
Henry,2029,14.73491806,2.705687309,,1.959643643,,0.472962616,0.032983304,0.677264885,,0.767089558,0.670793293,0.001978843,,7.337565047
Henry,2030,14.9562589,2.74633084,,1.989080466,,0.480067232,0.033478763,0.687438432,,0.778612408,0.680869627,0.002008568,,7.447786415
Henry,2031,15.16710426,2.785047149,,2.017121462,,0.486834964,0.033950729,0.697129573,,0.78958887,0.690468164,0.002036884,,7.552781338
Henry,2032,15.3926604,2.826464711,,2.047118891,,0.494074884,0.034455624,0.707496868,,0.801331166,0.700736395,0.002067175,,7.665101802
Henry,2033,15.62605419,2.869321455,,2.078158674,,0.501566377,0.034978063,0.718224408,,0.813481484,0.711361428,0.002098519,,7.781325192
Henry,2034,15.8497812,2.910403144,,2.10791284,,0.508747585,0.035478864,0.728507631,,0.825128555,0.72154639,0.002128565,,7.892734799
Henry,2035,16.06513857,2.949947965,,2.136553902,,0.515660143,0.03596093,0.738406158,,0.83633991,0.731350332,0.002157486,,7.999976572
Henry,2036,16.29171242,2.991552404,,2.16668668,,0.52293273,0.036468103,0.748820231,,0.848135187,0.741664893,0.002187914,,8.112803829
Henry,2037,16.51006106,3.031646496,,2.195725561,,0.529941302,0.036956864,0.758856247,,0.859502265,0.75160501,0.002217238,,8.221535168
Henry,2038,16.73619904,3.073170898,,2.22580037,,0.537199898,0.037463061,0.769250286,,0.87127485,0.761899729,0.002247607,,8.334145371
Henry,2039,16.96906345,3.115930434,,2.256769748,,0.544674399,0.037984316,0.779953493,,0.883397609,0.772500662,0.00227888,,8.450105143
Henry,2040,17.21152086,3.160451478,,2.289014931,,0.552456817,0.038527043,0.791097626,,0.896019772,0.783538308,0.002311441,,8.570841953
Henry,2041,17.45292951,3.204779945,,2.321120635,,0.560205571,0.039067423,0.802193555,,0.908587338,0.79452821,0.002343861,,8.691056512
Henry,2042,17.68276935,3.246984098,,2.351687767,,0.56758299,0.039581907,0.812757744,,0.92055264,0.804991452,0.002374728,,8.805510137
Henry,2043,17.90025096,3.286918982,,2.380611339,,0.574563732,0.040068728,0.822753908,,0.931874581,0.814892098,0.002403935,,8.91380972
Henry,2044,18.10994529,3.325423932,,2.408499255,,0.581294518,0.040538117,0.832392143,,0.942791122,0.824438236,0.002432096,,9.018231459
Henry,2045,18.31905621,3.363821753,,2.436309581,,0.588006578,0.0410062,0.842003563,,0.95367729,0.833957814,0.002460179,,9.122362677
Henry,2046,18.53098863,3.402737671,,2.464495149,,0.594809202,0.041480599,0.851744668,,0.964710344,0.843605838,0.002488641,,9.227898922
Henry,2047,18.74075965,3.441256705,,2.492393265,,0.60154245,0.04195016,0.861386428,,0.975630878,0.853155467,0.002516812,,9.332358855
Henry,2048,18.95728791,3.481016529,,2.521190047,,0.608492591,0.042434847,0.871338773,,0.986903188,0.863012712,0.002545891,,9.440183693
Henry,2049,19.17550953,3.521087295,,2.550212034,,0.615497087,0.042923324,0.88136895,,0.998263653,0.872947046,0.002575197,,9.548851776
Henry,2050,19.39354202,3.561123335,,2.579208869,,0.622495512,0.043411378,0.891390435,,1.009614273,0.88287277,0.002604478,,9.657425684
Henry,2051,19.6232101,3.603295948,,2.609753158,,0.629867417,0.043925477,0.901946728,,1.021570632,0.893328193,0.002635322,,9.771793774
Henry,2052,19.87778807,3.65004262,,2.643610292,,0.638038881,0.044495336,0.913647962,,1.034823784,0.904917616,0.002669511,,9.898566275
Henry,2053,20.12266158,3.69500732,,2.6761768,,0.645898852,0.045043472,0.924903147,,1.047571728,0.916065253,0.002702396,,10.02050624
Henry,2054,20.37221606,3.740831557,,2.709365845,,0.653909072,0.045602086,0.936373485,,1.060563361,0.927425986,0.00273591,,10.14477719
Henry,2055,20.62262603,3.786812883,,2.742668663,,0.661946752,0.046162615,0.947883144,,1.073599529,0.938825664,0.002769539,,10.26947414
Henry,2056,20.88584701,3.835146621,,2.777675259,,0.670395641,0.04675182,0.959981639,,1.08730263,0.950808552,0.002804889,,10.40055061
Henry,2057,21.14008395,3.881830671,,2.811487038,,0.678556159,0.047320916,0.971667197,,1.100538027,0.96238245,0.002839032,,10.52715329
Henry,2058,21.40929347,3.93126405,,2.847290069,,0.687197268,0.047923526,0.984040945,,1.114552887,0.97463796,0.002875186,,10.66121188
Henry,2059,21.68078911,3.981117216,,2.883397138,,0.695911758,0.048531255,0.99651977,,1.128686761,0.986997544,0.002911647,,10.79640889
Henry,2060,21.94992086,4.030536314,,2.919189826,,0.704550371,0.049133691,1.008889943,,1.142697572,0.999249514,0.00294779,,10.93042876
Henry,2061,22.22715792,4.081443742,,2.956060464,,0.713449149,0.049754271,1.021632662,,1.15713034,1.01187047,0.002985022,,11.06848483
Henry,2062,22.51325256,4.133977637,,2.994109101,,0.722632238,0.050394678,1.034782504,,1.172024227,1.02489466,0.003023443,,11.21095173
Henry,2063,22.78629919,4.184115603,,3.030422442,,0.731396512,0.051005878,1.047332618,,1.186238845,1.037324851,0.003060112,,11.34692109
Henry,2064,23.07405313,4.236954185,,3.068691754,,0.740632861,0.051649999,1.060558728,,1.201219114,1.050424579,0.003098757,,11.49021427
Henry,2065,23.35511094,4.288563195,,3.106070526,,0.749654278,0.052279132,1.073477061,,1.215850787,1.063219471,0.003136502,,11.63017297
Paulding,2020,7.963412346,0.698618679,,1.14201496,,,0.724461527,0.102591355,,,0.163767781,0.001425384,,3.409470286
Paulding,2021,8.110271594,0.711502429,,1.163075712,,,0.737821864,0.104483319,,,0.166787946,0.001451671,,3.47234688
Paulding,2022,8.253008322,0.724024517,,1.183545264,,,0.75080716,0.106322174,,,0.16972333,0.001477219,,3.53345845
Paulding,2023,8.392458545,0.736258284,,1.203543505,,,0.763493471,0.108118688,,,0.172591128,0.00150218,,3.59316293
Paulding,2024,8.530209331,0.748342961,,1.223298034,,,0.776025177,0.109893309,,,0.175423976,0.001526836,,3.65213981
Paulding,2025,8.760919182,0.768582804,,1.256383612,,,0.797013719,0.112865507,,,0.18016853,0.001568131,,3.750916358
Paulding,2026,8.989518687,0.788637509,,1.28916655,,,0.817810274,0.115810518,,,0.184869685,0.001609049,,3.848789378
Paulding,2027,9.219102651,0.808778579,,1.322090667,,,0.838696389,0.118768211,,,0.189591085,0.001650142,,3.947083887
Paulding,2028,9.446763306,0.82875092,,1.354738967,,,0.859407534,0.121701126,,,0.194272932,0.001690891,,4.044554946
Paulding,2029,9.672945043,0.848593517,,1.387175178,,,0.879984136,0.124614989,,,0.198924366,0.001731376,,4.141392819
Paulding,2030,9.843939752,0.863594636,,1.411697143,,,0.895540167,0.126817886,,,0.202440876,0.001761983,,4.214602814
Paulding,2031,10.0061504,0.877825143,,1.434959405,,,0.910297079,0.12890762,,,0.205776743,0.001791017,,4.284051985
Paulding,2032,10.17478334,0.892619067,,1.459142674,,,0.925638251,0.131080091,,,0.209244683,0.001821201,,4.356250809
Paulding,2033,10.35076794,0.908057942,,1.484380227,,,0.94164823,0.133347272,,,0.212863811,0.001852701,,4.431597184
Paulding,2034,10.52255655,0.923128709,,1.509016043,,,0.957276485,0.135560397,,,0.216396648,0.001883449,,4.50514708
Paulding,2035,10.75110847,0.943179239,,1.541792157,,,0.978068712,0.138504794,,,0.221096824,0.001924358,,4.602999727
Paulding,2036,10.98724827,0.963895444,,1.575656433,,,0.999551237,0.141546945,,,0.225953046,0.001966625,,4.704101068
Paulding,2037,11.21873545,0.984203481,,1.608853486,,,1.020610495,0.144529157,,,0.230713586,0.00200806,,4.803210423
Paulding,2038,11.45064473,1.004548547,,1.642111071,,,1.041708152,0.147516807,,,0.235482806,0.002049569,,4.902500493
Paulding,2039,11.68709639,1.02529211,,1.676020069,,,1.063219048,0.150562976,,,0.24034544,0.002091892,,5.003735352
Paulding,2040,11.95084282,1.048430204,,1.713843348,,,1.087213051,0.153960778,,,0.245769393,0.002139101,,5.116656243
Paulding,2041,12.21243647,1.071379438,,1.751357903,,,1.111011208,0.157330847,,,0.251149073,0.002185924,,5.228655439
Paulding,2042,12.47118991,1.094079503,,1.788465148,,,1.13455098,0.160664326,,,0.256470344,0.002232238,,5.33943862
Paulding,2043,12.72855627,1.116657883,,1.825373476,,,1.157964565,0.163979935,,,0.26176309,0.002278305,,5.449627937
Paulding,2044,12.98487523,1.139144376,,1.862131598,,,1.181282863,0.167282051,,,0.267034296,0.002324184,,5.559368816
Paulding,2045,13.25530338,1.162868647,,1.900913087,,,1.205884727,0.170765933,,,0.272595658,0.002372588,,5.675150429
Paulding,2046,13.52215496,1.186279151,,1.939181669,,,1.230161217,0.174203739,,,0.278083467,0.002420352,,5.789400765
Paulding,2047,13.79004562,1.209780813,,1.977599263,,,1.254532237,0.177654931,,,0.283592646,0.002468303,,5.904095975
Paulding,2048,14.05928557,1.233400845,,2.016210356,,,1.279026006,0.181123506,,,0.289129572,0.002516494,,6.019368871
Paulding,2049,14.32814214,1.256987245,,2.054766469,,,1.303484898,0.184587142,,,0.294658615,0.002564617,,6.13447763
Paulding,2050,14.61117451,1.281817266,,2.095355502,,,1.329233416,0.188233402,,,0.300479183,0.002615278,,6.255655639
Paulding,2051,14.89558294,1.306768007,,2.136141871,,,1.355107118,0.19189739,,,0.306328049,0.002666185,,6.377422795
Paulding,2052,15.19115861,1.332698434,,2.178529709,,,1.381996747,0.195705243,,,0.312406571,0.00271909,,6.503971116
Paulding,2053,15.48736843,1.358684495,,2.22100849,,,1.408944067,0.199521267,,,0.318498133,0.002772109,,6.630790945
Paulding,2054,15.78402699,1.384709922,,2.263551623,,,1.43593221,0.203343071,,,0.324598924,0.002825209,,6.757802895
Paulding,2055,16.09815215,1.412267669,,2.308599602,,,1.464509356,0.207389895,,,0.331058916,0.002881434,,6.89229303
Paulding,2056,16.41253523,1.439848044,,2.353684569,,,1.493109965,0.211440041,,,0.337524213,0.002937706,,7.026893592
Paulding,2057,16.7275674,1.467485361,,2.39886262,,,1.521769624,0.21549855,,,0.344002857,0.002994094,,7.161772054
Paulding,2058,17.04341984,1.495194641,,2.444158305,,,1.550503907,0.219567626,,,0.350498371,0.003050629,,7.297001712
Paulding,2059,17.35995546,1.522963854,,2.489551962,,,1.579300341,0.223645503,,,0.357007934,0.003107287,,7.432523864
Paulding,2060,17.67796447,1.550862326,,2.535156915,,,1.608230815,0.227742362,,,0.363547798,0.003164208,,7.568676837
Paulding,2061,17.9965165,1.578808436,,2.580839741,,,1.637210689,0.231846216,,,0.370098829,0.003221226,,7.7050623
Paulding,2062,18.31622643,1.606856127,,2.62668862,,,1.666295903,0.235964988,,,0.376673672,0.003278451,,7.84194351
Paulding,2063,18.63651762,1.634954811,,2.672620855,,,1.695433995,0.240091247,,,0.383260468,0.00333578,,7.979073581
Paulding,2064,18.95774114,1.663135287,,2.718686794,,,1.724656905,0.244229518,,,0.389866438,0.003393277,,8.116602821
Paulding,2065,19.34280143,1.696916071,,2.773907419,,,1.759687286,0.249190187,,,0.397785213,0.003462199,,8.281463254
Rockdale,2020,5.543690386,0.593277068,,1.416026607,0.174240478,0.254754556,,0.157466007,,1.068527968,0.437156827,0.001720002,,3.994202686
Rockdale,2021,5.621692614,0.601624744,,1.435950741,0.176692121,0.258339067,,0.159681625,,1.083562639,0.443307821,0.001744204,,4.050402922
Rockdale,2022,5.696435633,0.609623625,,1.455042374,0.179041325,0.261773805,,0.161804666,,1.097969108,0.449201805,0.001767394,,4.104254913
Rockdale,2023,5.769646101,0.617458495,,1.473742548,0.18134236,0.265138117,,0.163884176,,1.112080184,0.454974937,0.001790108,,4.157002709
Rockdale,2024,5.841110842,0.625106539,,1.491996809,0.183588526,0.268422205,,0.1659141,,1.125854776,0.460610407,0.001812281,,4.208492717
Rockdale,2025,5.909908235,0.632469129,,1.509569749,0.185750857,0.271583718,,0.167868259,,1.139115246,0.466035538,0.001833626,,4.258060913
Rockdale,2026,5.976063021,0.63954891,,1.526467688,0.187830129,0.274623793,,0.169747355,,1.151866362,0.471252283,0.001854152,,4.305725123
Rockdale,2027,6.045950956,0.647028208,,1.544319185,0.190026736,0.27783542,,0.17173249,,1.16533703,0.476763411,0.001875835,,4.356079049
Rockdale,2028,6.114185588,0.654330571,,1.561748379,0.192171378,0.280971072,,0.173670664,,1.178489029,0.482144165,0.001897006,,4.405241779
Rockdale,2029,6.179383717,0.661307973,,1.578401958,0.194220582,0.283967185,,0.175522587,,1.191055753,0.487285471,0.001917234,,4.452216722
Rockdale,2030,6.243219063,0.668139532,,1.594707441,0.196226954,0.286900672,,0.177335801,,1.203359804,0.492319312,0.00193704,,4.498209787
Rockdale,2031,6.297233696,0.673920093,,1.608504416,0.197924656,0.289382859,,0.178870062,,1.213770946,0.496578725,0.001953799,,4.537127074
Rockdale,2032,6.351341626,0.679710639,,1.622325221,0.19962529,0.291869333,,0.180406973,,1.22420007,0.500845495,0.001970587,,4.576111581
Rockdale,2033,6.414146648,0.686431934,,1.638367528,0.201599278,0.294755473,,0.182190922,,1.23630553,0.505798088,0.001990073,,4.621362302
Rockdale,2034,6.47125392,0.692543465,,1.652954457,0.203394183,0.297379778,,0.183813028,,1.247312768,0.510301376,0.002007791,,4.662507822
Rockdale,2035,6.526185114,0.698422116,,1.66698555,0.205120693,0.299904084,,0.185373323,,1.257900574,0.514633066,0.002024834,,4.702085488
Rockdale,2036,6.588876442,0.705131243,,1.682998816,0.207091108,0.302784999,,0.187154042,,1.26998412,0.519576694,0.002044285,,4.747254292
Rockdale,2037,6.647946335,0.711452811,,1.698087057,0.208947699,0.305499495,,0.188831896,,1.281369646,0.524234747,0.002062612,,4.789813871
Rockdale,2038,6.706802986,0.717751557,,1.71312083,0.210797588,0.308204192,,0.190503692,,1.292714071,0.528875985,0.002080873,,4.832219809
Rockdale,2039,6.761669427,0.723623278,,1.727135383,0.212522063,0.310725522,,0.192062148,,1.303289396,0.533202569,0.002097896,,4.87175082
Rockdale,2040,6.825386342,0.730442163,,1.743410615,0.214524712,0.313653567,,0.193871998,,1.31557062,0.538227071,0.002117665,,4.917658556
Rockdale,2041,6.896586682,0.738061912,,1.76159734,0.216762568,0.316925505,,0.195894412,,1.32929425,0.543841691,0.002139756,,4.968958064
Rockdale,2042,6.960087059,0.744857623,,1.777817262,0.218758411,0.319843599,,0.197698111,,1.341533737,0.548849118,0.002159458,,5.014709785
Rockdale,2043,7.024543929,0.751755696,,1.794281501,0.220784317,0.322805648,,0.199528979,,1.353957585,0.55393197,0.002179456,,5.061150655
Rockdale,2044,7.087263481,0.758467844,,1.810301976,0.222755618,0.32568786,,0.201310499,,1.366046572,0.558877824,0.002198916,,5.106339795
Rockdale,2045,7.147808943,0.764947325,,1.825767123,0.224658587,0.328470164,,0.203030266,,1.377716509,0.563652236,0.002217701,,5.149962514
Rockdale,2046,7.208635883,0.771456929,,1.841304168,0.226570403,0.331265403,,0.204758027,,1.3894407,0.568448844,0.002236573,,5.193788037
Rockdale,2047,7.275689211,0.778632871,,1.858431621,0.228677917,0.33434677,,0.206662647,,1.402365007,0.573736445,0.002257378,,5.242099642
Rockdale,2048,7.337258487,0.785221918,,1.87415828,0.230613065,0.337176122,,0.208411494,,1.414232281,0.578591591,0.00227648,,5.286460013
Rockdale,2049,7.404389931,0.79240622,,1.891305687,0.232723034,0.340261078,,0.210318332,,1.427171645,0.583885352,0.002297309,,5.334827901
Rockdale,2050,7.471644038,0.79960365,,1.908484425,0.234836858,0.343351671,,0.212228655,,1.440134651,0.589188785,0.002318175,,5.383284167
Rockdale,2051,7.544028098,0.807350078,,1.926973508,0.237111919,0.346678005,,0.214284691,,1.454086439,0.594896749,0.002340633,,5.43543654
Rockdale,2052,7.627113557,0.816241754,,1.948196054,0.239723329,0.350496112,,0.216644696,,1.470100886,0.60144859,0.002366412,,5.49529922
Rockdale,2053,7.711014188,0.825220668,,1.969626819,0.242360361,0.354351678,,0.219027855,,1.486272455,0.608064712,0.002392443,,5.555749227
Rockdale,2054,7.800588647,0.834806787,,1.992506851,0.245175723,0.35846798,,0.221572177,,1.503537635,0.615128253,0.002420234,,5.620287201
Rockdale,2055,7.89337842,0.844737003,,2.016208173,0.248092144,0.362732038,,0.224207828,,1.521422557,0.622445344,0.002449024,,5.687141793
Rockdale,2056,7.994968634,0.855609029,,2.042157394,0.251285166,0.367400511,,0.227093452,,1.541003734,0.630456407,0.002480543,,5.760337062
Rockdale,2057,8.101129588,0.866970208,,2.06927412,0.254621849,0.372279028,,0.230108906,,1.561465907,0.638827904,0.002513481,,5.836825527
Rockdale,2058,8.209574289,0.87857579,,2.096974185,0.25803031,0.377262492,,0.233189228,,1.582368264,0.647379489,0.002547128,,5.914959421
Rockdale,2059,8.326854395,0.891126923,,2.126931079,0.261716473,0.382651978,,0.236520516,,1.604973616,0.656627805,0.002583515,,5.999459182
Rockdale,2060,8.445878942,0.903864744,,2.157333558,0.265457463,0.388121628,,0.239901354,,1.627915203,0.666013681,0.002620444,,6.085215804
Rockdale,2061,8.574344267,0.917612902,,2.190147497,0.269495182,0.394025119,,0.243550354,,1.65267647,0.676144026,0.002660302,,6.177774464
Rockdale,2062,8.716943952,0.932873697,,2.22657178,0.273977149,0.40057814,,0.247600833,,1.680162087,0.687388959,0.002704546,,6.280516861
Rockdale,2063,8.865513168,0.948773342,,2.264520862,0.27864674,0.407405485,,0.251820874,,1.708798311,0.699104629,0.002750641,,6.387560279
Rockdale,2064,9.011611703,0.964408579,,2.301838858,0.283238678,0.414119292,,0.255970736,,1.73695832,0.710625469,0.00279597,,6.492823581
Rockdale,2065,9.161107709,0.980407407,,2.34002467,0.287937399,0.420989226,,0.260217103,,1.76577318,0.722414223,0.002842353,,6.600534746
